date,adj_close
2008-04-01,32.348320
2008-04-02,32.663235
2008-04-03,32.952969
2008-04-04,33.034847
2008-04-07,33.198605
2008-04-08,33.041145
2008-04-09,32.927776
2008-04-10,32.738823
2008-04-11,32.423904
2008-04-14,32.209759
2008-04-15,32.530983
2008-04-16,33.450523
2008-04-17,33.412743
2008-04-18,33.702461
2008-04-21,33.979603
2008-04-22,33.614292
2008-04-23,33.796947
2008-04-24,33.803246
2008-04-25,33.727665
2008-04-28,34.363796
2008-04-29,33.765453
2008-04-30,34.288212
2008-05-01,33.910316
2008-05-02,34.111858
2008-05-05,34.388988
2008-05-06,34.653530
2008-05-07,34.105564
2008-05-08,34.187447
2008-05-09,34.162239
2008-05-12,34.521255
2008-05-13,34.451965
2008-05-14,34.464569
2008-05-15,34.930641
2008-05-16,35.403019
2008-05-19,35.522690
2008-05-20,35.081799
2008-05-21,34.697617
2008-05-22,34.968437
2008-05-23,34.615723
2008-05-27,34.307110
2008-05-28,34.300804
2008-05-29,34.489769
2008-05-30,34.559040
2008-06-02,34.451965
2008-06-03,34.218937
2008-06-04,33.948105
2008-06-05,34.458267
2008-06-06,33.733971
2008-06-09,33.444225
2008-06-10,33.028545
2008-06-11,32.631752
2008-06-12,32.512077
2008-06-13,32.751411
2008-06-16,33.085232
2008-06-17,33.274178
2008-06-18,32.984459
2008-06-19,32.833302
2008-06-20,32.108986
2008-06-23,32.077496
2008-06-24,31.901136
2008-06-25,32.279049
2008-06-26,31.636610
2008-06-27,31.699600
2008-06-30,31.642902
2008-07-01,31.277609
2008-07-02,31.057156
2008-07-03,31.019367
2008-07-07,30.660370
2008-07-08,31.107552
2008-07-09,30.565889
2008-07-10,30.584787
2008-07-11,30.389532
2008-07-14,30.446211
2008-07-15,30.131302
2008-07-16,30.200586
2008-07-17,30.729641
2008-07-18,30.748539
2008-07-21,30.994177
2008-07-22,31.031965
2008-07-23,31.120148
2008-07-24,30.509207
2008-07-25,30.471420
2008-07-28,30.175392
2008-07-29,30.339151
2008-07-30,30.628874
2008-07-31,30.439917
2008-08-01,30.036835
2008-08-04,29.671530
2008-08-05,29.992743
2008-08-06,30.200586
2008-08-07,29.684118
2008-08-08,29.665226
2008-08-11,29.614845
2008-08-12,29.287321
2008-08-13,29.136171
2008-08-14,29.035387
2008-08-15,28.796057
2008-08-18,28.518925
2008-08-19,28.172518
2008-08-20,28.342571
2008-08-21,28.676380
2008-08-22,28.581909
2008-08-25,28.134729
2008-08-26,28.348869
2008-08-27,28.657486
2008-08-28,28.966114
2008-08-29,28.940926
2008-09-02,28.329971
2008-09-03,28.159925
2008-09-04,27.070299
2008-09-05,26.912844
2008-09-08,27.429308
2008-09-09,26.339699
2008-09-10,26.673512
2008-09-11,26.226332
2008-09-12,27.013620
2008-09-15,25.716162
2008-09-16,25.508316
2008-09-17,24.632847
2008-09-18,25.716162
2008-09-19,27.454510
2008-09-22,27.038815
2008-09-23,26.478264
2008-09-24,26.610533
2008-09-25,27.126986
2008-09-26,26.799480
2008-09-29,23.996708
2008-09-30,25.136707
2008-10-01,24.998146
2008-10-02,23.757380
2008-10-03,23.549530
2008-10-06,22.056818
2008-10-07,20.904221
2008-10-08,20.564112
2008-10-09,19.159580
2008-10-10,18.819473
2008-10-13,21.660023
2008-10-14,21.143557
2008-10-15,18.838360
2008-10-16,19.732727
2008-10-17,19.550081
2008-10-20,20.532619
2008-10-21,19.449305
2008-10-22,17.950296
2008-10-23,17.824329
2008-10-24,17.062231
2008-10-27,16.085985
2008-10-28,18.013283
2008-10-29,18.428974
2008-10-30,19.203663
2008-10-31,19.354826
2008-11-03,19.568975
2008-11-04,20.809744
2008-11-05,19.864992
2008-11-06,18.473059
2008-11-07,19.480791
2008-11-10,19.279251
2008-11-11,18.340794
2008-11-12,17.370852
2008-11-13,18.756489
2008-11-14,17.547209
2008-11-17,17.572392
2008-11-18,17.351946
2008-11-19,16.054493
2008-11-20,15.197918
2008-11-21,16.186762
2008-11-24,17.440132
2008-11-25,17.572392
2008-11-26,18.006985
2008-11-28,18.000681
2008-12-01,16.690622
2008-12-02,17.257484
2008-12-03,17.427536
2008-12-04,16.778797
2008-12-05,17.156706
2008-12-08,18.069969
2008-12-09,17.925106
2008-12-10,18.504551
2008-12-11,18.485662
2008-12-12,18.580135
2008-12-15,18.567535
2008-12-16,19.524883
2008-12-17,19.468199
2008-12-18,18.913944
2008-12-19,18.655710
2008-12-22,18.510843
2008-12-23,18.265211
2008-12-24,18.378582
2008-12-26,18.573833
2008-12-29,18.670837
2008-12-30,19.118078
2008-12-31,19.351152
2009-01-02,19.659813
2009-01-05,19.634623
2009-01-06,19.886593
2009-01-07,19.376350
2009-01-08,19.533829
2009-01-09,18.960602
2009-01-12,18.393677
2009-01-13,17.996826
2009-01-14,17.266115
2009-01-15,17.486591
2009-01-16,17.518085
2009-01-20,16.226751
2009-01-21,17.089745
2009-01-22,16.592098
2009-01-23,16.510214
2009-01-26,16.793676
2009-01-27,17.215725
2009-01-28,17.795252
2009-01-29,16.982658
2009-01-30,16.755882
2009-02-02,16.648798
2009-02-03,17.127541
2009-02-04,17.051949
2009-02-05,17.341713
2009-02-06,17.833048
2009-02-09,17.851946
2009-02-10,16.900764
2009-02-11,17.133837
2009-02-12,17.020454
2009-02-13,16.869268
2009-02-17,15.924390
2009-02-18,15.861394
2009-02-19,15.811007
2009-02-20,15.527538
2009-02-23,15.017300
2009-02-24,15.615727
2009-02-25,15.281867
2009-02-26,15.206281
2009-02-27,15.143286
2009-03-02,14.273994
2009-03-03,14.280297
2009-03-04,14.872423
2009-03-05,14.292895
2009-03-06,14.318089
2009-03-09,14.003129
2009-03-10,14.891315
2009-03-11,15.011004
2009-03-12,15.445651
2009-03-13,15.596826
2009-03-16,15.766905
2009-03-17,16.151159
2009-03-18,16.541712
2009-03-19,16.529112
2009-03-20,16.321238
2009-03-23,17.530684
2009-03-24,17.020454
2009-03-25,17.247225
2009-03-26,17.599977
2009-03-27,16.995247
2009-03-30,16.333834
2009-03-31,16.724382
2009-04-01,17.209423
2009-04-02,17.984226
2009-04-03,18.154306
2009-04-06,17.883442
2009-04-07,17.518085
2009-04-08,17.656672
2009-04-09,18.255093
2009-04-13,18.437769
2009-04-14,18.261387
2009-04-15,18.362179
2009-04-16,18.532261
2009-04-17,18.563749
2009-04-20,17.788952
2009-04-21,18.148006
2009-04-22,17.977930
2009-04-23,18.456667
2009-04-24,18.727533
2009-04-27,18.425169
2009-04-28,18.368479
2009-04-29,18.847219
2009-04-30,19.017294
2009-05-01,19.231468
2009-05-04,20.207846
2009-05-05,20.037766
2009-05-06,20.497614
2009-05-07,20.132257
2009-05-08,20.988945
2009-05-11,20.466112
2009-05-12,20.579506
2009-05-13,19.848789
2009-05-14,20.069263
2009-05-15,19.873989
2009-05-18,20.781075
2009-05-19,20.894463
2009-05-20,21.064543
2009-05-21,20.818865
2009-05-22,20.944853
2009-05-26,21.310205
2009-05-27,20.976353
2009-05-28,21.322807
2009-05-29,21.725956
2009-06-01,22.311783
2009-06-02,22.431465
2009-06-03,21.713358
2009-06-04,21.908628
2009-06-05,21.625166
2009-06-08,21.568472
2009-06-09,21.839338
2009-06-10,21.952723
2009-06-11,22.343281
2009-06-12,22.173197
2009-06-15,21.360601
2009-06-16,21.165319
2009-06-17,21.114929
2009-06-18,20.919661
2009-06-19,21.247219
2009-06-22,20.485012
2009-06-23,20.645851
2009-06-24,20.767593
2009-06-25,21.331476
2009-06-26,21.357109
2009-06-29,21.549341
2009-06-30,21.280218
2009-07-01,21.626234
2009-07-02,21.017496
2009-07-06,20.959831
2009-07-07,20.466427
2009-07-08,20.363901
2009-07-09,20.626625
2009-07-10,20.421574
2009-07-13,20.735554
2009-07-14,20.908562
2009-07-15,21.728764
2009-07-16,21.901770
2009-07-17,21.876135
2009-07-20,22.452841
2009-07-21,22.516916
2009-07-22,22.529730
2009-07-23,23.023127
2009-07-24,23.125654
2009-07-27,23.157698
2009-07-28,23.035948
2009-07-29,22.837299
2009-07-30,23.311483
2009-07-31,23.580605
2009-08-03,24.189348
2009-08-04,24.138083
2009-08-05,24.041958
2009-08-06,23.779249
2009-08-07,23.913809
2009-08-10,23.715170
2009-08-11,23.452446
2009-08-12,23.708763
2009-08-13,24.086815
2009-08-14,23.894587
2009-08-17,23.067986
2009-08-18,23.510120
2009-08-19,23.574198
2009-08-20,23.913809
2009-08-21,24.330318
2009-08-24,24.304682
2009-08-25,24.516148
2009-08-26,24.375168
2009-08-27,24.522545
2009-08-28,24.471287
2009-08-31,24.240606
2009-09-01,23.702358
2009-09-02,23.708763
2009-09-03,23.971479
2009-09-04,24.343132
2009-09-08,24.849348
2009-09-09,25.060808
2009-09-10,25.329927
2009-09-11,25.329927
2009-09-14,25.361967
2009-09-15,25.406828
2009-09-16,25.893812
2009-09-17,25.733622
2009-09-18,25.791288
2009-09-21,25.592646
2009-09-22,25.906626
2009-09-23,25.643908
2009-09-24,25.214592
2009-09-25,25.156918
2009-09-28,25.451674
2009-09-29,25.426044
2009-09-30,25.547792
2009-10-01,24.759638
2009-10-02,24.554592
2009-10-05,24.977499
2009-10-06,25.368370
2009-10-07,25.464491
2009-10-08,25.861774
2009-10-09,25.868176
2009-10-12,26.015556
2009-10-13,26.034779
2009-10-14,26.656338
2009-10-15,26.739639
2009-10-16,26.329540
2009-10-19,26.739639
2009-10-20,26.534592
2009-10-21,26.496140
2009-10-22,26.733234
2009-10-23,26.323137
2009-10-26,25.932257
2009-10-27,25.675947
2009-10-28,24.842932
2009-10-29,25.714396
2009-10-30,24.804485
2009-11-02,25.105659
2009-11-03,25.054399
2009-11-04,25.297888
2009-11-05,25.701576
2009-11-06,25.733622
2009-11-09,26.528187
2009-11-10,26.419249
2009-11-11,26.528187
2009-11-12,26.105272
2009-11-13,26.464100
2009-11-16,26.906242
2009-11-17,26.771683
2009-11-18,26.752453
2009-11-19,26.227013
2009-11-20,26.073221
2009-11-23,26.528187
2009-11-24,26.374395
2009-11-25,26.758852
2009-11-27,25.887409
2009-11-30,26.009157
2009-12-01,26.758852
2009-12-02,26.835760
2009-12-03,26.675566
2009-12-04,26.649929
2009-12-07,26.528187
2009-12-08,26.028372
2009-12-09,26.060404
2009-12-10,26.111679
2009-12-11,26.111679
2009-12-14,26.367990
2009-12-15,26.124495
2009-12-16,26.393620
2009-12-17,25.784880
2009-12-18,25.829737
2009-12-21,25.913034
2009-12-22,26.104002
2009-12-23,26.297562
2009-12-24,26.491117
2009-12-28,26.484661
2009-12-29,26.594353
2009-12-30,26.491117
2009-12-31,26.394341
2010-01-04,27.136295
2010-01-05,27.233080
2010-01-06,27.329849
2010-01-07,27.136295
2010-01-08,27.342760
2010-01-11,27.581476
2010-01-12,27.271786
2010-01-13,27.439528
2010-01-14,27.516958
2010-01-15,27.129850
2010-01-19,27.471790
2010-01-20,26.749193
2010-01-21,26.123369
2010-01-22,25.562063
2010-01-25,25.910458
2010-01-26,25.678190
2010-01-27,25.574961
2010-01-28,25.155594
2010-01-29,24.852360
2010-02-01,25.355595
2010-02-02,25.749151
2010-02-03,25.574961
2010-02-04,24.497509
2010-02-05,24.162020
2010-02-08,23.936195
2010-02-09,24.671709
2010-02-10,24.587833
2010-02-11,24.903965
2010-02-12,24.723326
2010-02-16,25.291082
2010-02-17,25.355595
2010-02-18,25.516903
2010-02-19,25.355595
2010-02-22,25.381413
2010-02-23,25.026564
2010-02-24,25.174950
2010-02-25,25.020105
2010-02-26,25.174950
2010-03-01,25.471731
2010-03-02,25.691095
2010-03-03,25.923359
2010-03-04,25.820133
2010-03-05,26.349180
2010-03-08,26.355623
2010-03-09,26.291113
2010-03-10,26.400785
2010-03-11,26.523380
2010-03-12,26.620161
2010-03-15,26.471760
2010-03-16,26.807261
2010-03-17,26.994364
2010-03-18,26.813709
2010-03-19,26.574993
2010-03-22,26.633057
2010-03-23,26.839512
2010-03-24,26.407242
2010-03-25,26.362082
2010-03-26,26.574993
2010-03-29,26.891129
2010-03-30,26.916937
2010-03-31,26.897585
2010-04-01,27.381466
2010-04-05,27.484690
2010-04-06,27.516958
2010-04-07,27.265337
2010-04-08,27.278242
2010-04-09,27.581476
2010-04-12,27.620184
2010-04-13,27.568571
2010-04-14,27.910513
2010-04-15,27.865351
2010-04-16,27.252432
2010-04-19,27.181459
2010-04-20,27.426632
2010-04-21,27.252432
2010-04-22,27.110491
2010-04-23,27.271786
2010-04-26,27.258890
2010-04-27,26.252392
2010-04-28,26.310461
2010-04-29,26.697573
2010-04-30,26.284660
2010-05-03,26.497564
2010-05-04,25.497543
2010-05-05,24.955585
2010-05-06,24.000725
2010-05-07,23.974915
2010-05-10,25.374958
2010-05-11,25.039461
2010-05-12,25.362053
2010-05-13,25.065268
2010-05-14,24.445894
2010-05-17,24.394281
2010-05-18,23.923300
2010-05-19,23.858784
2010-05-20,22.884560
2010-05-21,23.484581
2010-05-24,23.071661
2010-05-25,22.987789
2010-05-26,22.736162
2010-05-27,24.000725
2010-05-28,23.574898
2010-06-01,23.291021
2010-06-02,23.968464
2010-06-03,23.852333
2010-06-04,22.884560
2010-06-07,22.613585
2010-06-08,23.026501
2010-06-09,22.800682
2010-06-10,23.755550
2010-06-11,23.749105
2010-06-14,23.845875
2010-06-15,24.562031
2010-06-16,24.491053
2010-06-17,24.600739
2010-06-18,24.633001
2010-06-21,24.633001
2010-06-22,24.271688
2010-06-23,24.393370
2010-06-24,23.987797
2010-06-25,24.184046
2010-06-28,24.046673
2010-06-29,23.196268
2010-06-30,22.993483
2010-07-01,23.222433
2010-07-02,23.157024
2010-07-06,23.621471
2010-07-07,24.282160
2010-07-08,24.432617
2010-07-09,24.589621
2010-07-12,24.432617
2010-07-13,24.844738
2010-07-14,24.910151
2010-07-15,24.949402
2010-07-16,24.229832
2010-07-19,24.360666
2010-07-20,24.648483
2010-07-21,24.269077
2010-07-22,25.034437
2010-07-23,25.289560
2010-07-26,25.459631
2010-07-27,25.472717
2010-07-28,25.328806
2010-07-29,25.511972
2010-07-30,25.551220
2010-08-02,26.218460
2010-08-03,26.172665
2010-08-04,26.231535
2010-08-05,26.185743
2010-08-06,26.179209
2010-08-09,26.251167
2010-08-10,26.054920
2010-08-11,24.936316
2010-08-12,24.923229
2010-08-13,24.923229
2010-08-16,25.119474
2010-08-17,25.420389
2010-08-18,25.453096
2010-08-19,25.112938
2010-08-20,24.903612
2010-08-23,24.812035
2010-08-24,24.419538
2010-08-25,24.432617
2010-08-26,24.386831
2010-08-27,24.903612
2010-08-30,24.609245
2010-08-31,24.556904
2010-09-01,25.440008
2010-09-02,25.544680
2010-09-03,25.819420
2010-09-07,25.426926
2010-09-08,25.636259
2010-09-09,25.858673
2010-09-10,25.911007
2010-09-13,26.414705
2010-09-14,26.538992
2010-09-15,26.545538
2010-09-16,26.453951
2010-09-17,26.349276
2010-09-20,26.787571
2010-09-21,26.761402
2010-09-22,26.709070
2010-09-23,26.460495
2010-09-24,27.062309
2010-09-27,26.957653
2010-09-28,27.160433
2010-09-29,27.127729
2010-09-30,27.062309
2010-10-01,27.323978
2010-10-04,27.023066
2010-10-05,27.716467
2010-10-06,27.919249
2010-10-07,27.814590
2010-10-08,28.010834
2010-10-11,27.899624
2010-10-12,27.925800
2010-10-13,28.272507
2010-10-14,28.396784
2010-10-15,28.285583
2010-10-18,28.390244
2010-10-19,27.664129
2010-10-20,28.154753
2010-10-21,27.997753
2010-10-22,28.089336
2010-10-25,28.187456
2010-10-26,28.069712
2010-10-27,27.742636
2010-10-28,27.978123
2010-10-29,28.004295
2010-11-01,27.938879
2010-11-02,28.364084
2010-11-03,28.560322
2010-11-04,29.247189
2010-11-05,29.175232
2010-11-08,29.057486
2010-11-09,28.756561
2010-11-10,28.913565
2010-11-11,28.671532
2010-11-12,28.311747
2010-11-15,28.298666
2010-11-16,27.657587
2010-11-17,27.794962
2010-11-18,28.409864
2010-11-19,28.462193
2010-11-22,28.259409
2010-11-23,27.441723
2010-11-24,27.866924
2010-11-26,27.454803
2010-11-29,27.238928
2010-11-30,27.003445
2010-12-01,27.755714
2010-12-02,28.285583
2010-12-03,28.494913
2010-12-06,28.377163
2010-12-07,28.350996
2010-12-08,28.403326
2010-12-09,28.416409
2010-12-10,28.514538
2010-12-13,28.756561
2010-12-14,28.828520
2010-12-15,28.468746
2010-12-16,28.566864
2010-12-17,28.455662
2010-12-20,28.462193
2010-12-21,28.733454
2010-12-22,28.793009
2010-12-23,28.819462
2010-12-27,28.773157
2010-12-28,28.740072
2010-12-29,29.037798
2010-12-30,29.004713
2010-12-31,29.137045
2011-01-03,29.381832
2011-01-04,29.223049
2011-01-05,29.196577
2011-01-06,28.938559
2011-01-07,28.793009
2011-01-10,28.647453
2011-01-11,28.852552
2011-01-12,29.447996
2011-01-13,29.467842
2011-01-14,29.613384
2011-01-18,29.765562
2011-01-19,29.553846
2011-01-20,29.256123
2011-01-21,29.289207
2011-01-24,29.586933
2011-01-25,29.553846
2011-01-26,29.712629
2011-01-27,29.752331
2011-01-28,29.070879
2011-01-31,29.295822
2011-02-01,29.997128
2011-02-02,29.983891
2011-02-03,30.010353
2011-02-04,29.983891
2011-02-07,30.043434
2011-02-08,30.149296
2011-02-09,29.937572
2011-02-10,29.739100
2011-02-11,29.792009
2011-02-14,29.864803
2011-02-15,29.811874
2011-02-16,30.162519
2011-02-17,30.288231
2011-02-18,30.380859
2011-02-22,29.481070
2011-02-23,29.534006
2011-02-24,29.586933
2011-02-25,29.964043
2011-02-28,30.248529
2011-03-01,29.838337
2011-03-02,30.089754
2011-03-03,30.466867
2011-03-04,30.274984
2011-03-07,29.930956
2011-03-08,30.116209
2011-03-09,30.083126
2011-03-10,29.322283
2011-03-11,29.408289
2011-03-14,29.051027
2011-03-15,28.455578
2011-03-16,27.668274
2011-03-17,28.462196
2011-03-18,28.819462
2011-03-21,29.494305
2011-03-22,29.322283
2011-03-23,29.395061
2011-03-24,29.772173
2011-03-25,29.553846
2011-03-28,29.527382
2011-03-29,29.732477
2011-03-30,30.122828
2011-03-31,30.069899
2011-04-01,30.380859
2011-04-04,30.480091
2011-04-05,30.453632
2011-04-06,30.592566
2011-04-07,30.506554
2011-04-08,30.658731
2011-04-11,30.533012
2011-04-12,30.155914
2011-04-13,30.301458
2011-04-14,30.387474
2011-04-15,30.360998
2011-04-18,29.758951
2011-04-19,30.023586
2011-04-20,30.751360
2011-04-21,30.923365
2011-04-25,30.804272
2011-04-26,31.082144
2011-04-27,31.293863
2011-04-28,31.412958
2011-04-29,31.571747
2011-05-02,31.498960
2011-05-03,31.108622
2011-05-04,30.850588
2011-05-05,30.288231
2011-05-06,30.394091
2011-05-09,30.599188
2011-05-10,30.810900
2011-05-11,30.288231
2011-05-12,30.327923
2011-05-13,29.864803
2011-05-16,29.772173
2011-05-17,29.844955
2011-05-18,30.109594
2011-05-19,30.228683
2011-05-20,29.831717
2011-05-23,29.223049
2011-05-24,29.434759
2011-05-25,29.547232
2011-05-26,29.871420
2011-05-27,30.030207
2011-05-31,30.612402
2011-06-01,29.950819
2011-06-02,30.102980
2011-06-03,30.076517
2011-06-06,29.672934
2011-06-07,29.944191
2011-06-08,29.593544
2011-06-09,29.864803
2011-06-10,29.242897
2011-06-13,29.269369
2011-06-14,29.706018
2011-06-15,28.852552
2011-06-16,28.746693
2011-06-17,28.945169
2011-06-20,28.925327
2011-06-21,29.461216
2011-06-22,29.195442
2011-06-23,28.987385
2011-06-24,28.752478
2011-06-27,28.980682
2011-06-28,29.343103
2011-06-29,29.765924
2011-06-30,30.229033
2011-07-01,30.531050
2011-07-05,30.383396
2011-07-06,30.195473
2011-07-07,30.470650
2011-07-08,30.141773
2011-07-11,29.235708
2011-07-12,29.094770
2011-07-13,29.470621
2011-07-14,29.235708
2011-07-15,29.336388
2011-07-18,28.906836
2011-07-19,29.322962
2011-07-20,29.551153
2011-07-21,30.168625
2011-07-22,30.229033
2011-07-25,30.007545
2011-07-26,30.114920
2011-07-27,29.484043
2011-07-28,29.396786
2011-07-29,29.416931
2011-08-01,29.202154
2011-08-02,28.416895
2011-08-03,28.504148
2011-08-04,26.745708
2011-08-05,26.926926
2011-08-08,24.846329
2011-08-09,26.356440
2011-08-10,25.034250
2011-08-11,26.161800
2011-08-12,26.416834
2011-08-15,26.960474
2011-08-16,26.604769
2011-08-17,26.745708
2011-08-18,25.591312
2011-08-19,25.175188
2011-08-22,25.275867
2011-08-23,26.121529
2011-08-24,26.000727
2011-08-25,25.517485
2011-08-26,25.812796
2011-08-29,26.510807
2011-08-30,26.410126
2011-08-31,26.826252
2011-09-01,26.678591
2011-09-02,26.047710
2011-09-06,25.329569
2011-09-07,26.108110
2011-09-08,25.611450
2011-09-09,24.752361
2011-09-12,24.591288
2011-09-13,24.785921
2011-09-14,24.980560
2011-09-15,25.470499
2011-09-16,25.537621
2011-09-19,24.819475
2011-09-20,24.839619
2011-09-21,24.161747
2011-09-22,23.148298
2011-09-23,23.416758
2011-09-26,23.785894
2011-09-27,24.410074
2011-09-28,23.973824
2011-09-29,24.342958
2011-09-30,23.524139
2011-10-03,22.852982
2011-10-04,23.195274
2011-10-05,23.624819
2011-10-06,24.289268
2011-10-07,24.101337
2011-10-10,25.074516
2011-10-11,25.047670
2011-10-12,25.537621
2011-10-13,25.430241
2011-10-14,25.826223
2011-10-17,25.249027
2011-10-18,25.631580
2011-10-19,25.134924
2011-10-20,25.081234
2011-10-21,25.671856
2011-10-24,26.161800
2011-10-25,25.705416
2011-10-26,26.114819
2011-10-27,27.544397
2011-10-28,27.390020
2011-10-31,26.161800
2011-11-01,25.275867
2011-11-02,25.705416
2011-11-03,26.275906
2011-11-04,26.000727
2011-11-07,26.141666
2011-11-08,26.416834
2011-11-09,25.047670
2011-11-10,25.329569
2011-11-11,25.947029
2011-11-14,25.524197
2011-11-15,25.504063
2011-11-16,25.040964
2011-11-17,24.732224
2011-11-18,24.785921
2011-11-21,24.128185
2011-11-22,24.047649
2011-11-23,23.349642
2011-11-25,23.201988
2011-11-28,24.255713
2011-11-29,24.383230
2011-11-30,25.598024
2011-12-01,25.510778
2011-12-02,25.497351
2011-12-05,25.759109
2011-12-06,25.611450
2011-12-07,25.772526
2011-12-08,25.020834
2011-12-09,25.571173
2011-12-12,24.832901
2011-12-13,24.470480
2011-12-14,24.235573
2011-12-15,24.101337
2011-12-16,24.228863
2011-12-19,23.953684
2011-12-20,24.775927
2011-12-21,24.728277
2011-12-22,24.946093
2011-12-23,25.041378
2011-12-27,25.027767
2011-12-28,24.496847
2011-12-29,24.925663
2011-12-30,25.054989
2012-01-03,25.667582
2012-01-04,25.517828
2012-01-05,25.225151
2012-01-06,24.891638
2012-01-09,25.116243
2012-01-10,25.456575
2012-01-11,25.340866
2012-01-12,25.442965
2012-01-13,25.157087
2012-01-17,25.408936
2012-01-18,25.919426
2012-01-19,26.198494
2012-01-20,26.266565
2012-01-23,26.429918
2012-01-24,26.314203
2012-01-25,26.620514
2012-01-26,26.647734
2012-01-27,26.756632
2012-01-30,26.463947
2012-01-31,26.620514
2012-02-01,27.035696
2012-02-02,27.130993
2012-02-03,27.532589
2012-02-06,27.369219
2012-02-07,27.559816
2012-02-08,27.668711
2012-02-09,27.648291
2012-02-10,27.117374
2012-02-13,27.416868
2012-02-14,27.226284
2012-02-15,27.321581
2012-02-16,27.621071
2012-02-17,27.743587
2012-02-21,27.791235
2012-02-22,27.743587
2012-02-23,27.872911
2012-02-24,28.090719
2012-02-27,27.927364
2012-02-28,28.206434
2012-02-29,27.927364
2012-03-01,28.247276
2012-03-02,28.036272
2012-03-05,27.832075
2012-03-06,26.926794
2012-03-07,27.233095
2012-03-08,27.811653
2012-03-09,27.750395
2012-03-12,27.655104
2012-03-13,28.124754
2012-03-14,27.879713
2012-03-15,28.111141
2012-03-16,28.240473
2012-03-19,28.328953
2012-03-20,27.981819
2012-03-21,27.838875
2012-03-22,27.621071
2012-03-23,27.770817
2012-03-26,28.145170
2012-03-27,27.995424
2012-03-28,27.791235
2012-03-29,27.607456
2012-03-30,27.791235
2012-04-02,28.145170
2012-04-03,27.757193
2012-04-04,27.178644
2012-04-05,27.096960
2012-04-09,26.913181
2012-04-10,26.355043
2012-04-11,26.695375
2012-04-12,27.246706
2012-04-13,26.749821
2012-04-16,26.858728
2012-04-17,27.246706
2012-04-18,27.110580
2012-04-19,26.994864
2012-04-20,27.144602
2012-04-23,26.722597
2012-04-24,26.885960
2012-04-25,27.171831
2012-04-26,27.341993
2012-04-27,27.423683
2012-04-30,27.328386
2012-05-01,27.437298
2012-05-02,27.260326
2012-05-03,27.022091
2012-05-04,26.593279
2012-05-07,26.695375
2012-05-08,26.300592
2012-05-09,25.912619
2012-05-10,26.103201
2012-05-11,25.926237
2012-05-14,25.388510
2012-05-15,25.075411
2012-05-16,24.796339
2012-05-17,24.524078
2012-05-18,24.367525
2012-05-21,24.864405
2012-05-22,24.755501
2012-05-23,24.571726
2012-05-24,24.415171
2012-05-25,24.360722
2012-05-29,24.707857
2012-05-30,24.176941
2012-05-31,24.292652
2012-06-01,23.686863
2012-06-04,23.843424
2012-06-05,23.972752
2012-06-06,24.687437
2012-06-07,24.673817
2012-06-08,24.544500
2012-06-11,24.319880
2012-06-12,24.741888
2012-06-13,24.564920
2012-06-14,24.735083
2012-06-15,24.980118
2012-06-18,25.014151
2012-06-19,25.429344
2012-06-20,25.497416
2012-06-21,24.805336
2012-06-22,25.027246
2012-06-25,24.514080
2012-06-26,24.729055
2012-06-27,24.923227
2012-06-28,24.902420
2012-06-29,25.790060
2012-07-02,25.935684
2012-07-03,26.220013
2012-07-05,25.894085
2012-07-06,25.554276
2012-07-09,25.478003
2012-07-10,25.297699
2012-07-11,25.394777
2012-07-12,25.103529
2012-07-13,25.450260
2012-07-16,25.443325
2012-07-17,25.588953
2012-07-18,25.692968
2012-07-19,25.894085
2012-07-20,25.387846
2012-07-23,24.874678
2012-07-24,24.638897
2012-07-25,24.756792
2012-07-26,25.429457
2012-07-27,25.984236
2012-07-30,25.984236
2012-07-31,25.859409
2012-08-01,25.831671
2012-08-02,25.484938
2012-08-03,26.261621
2012-08-06,26.434984
2012-08-07,26.656898
2012-08-08,26.670763
2012-08-09,26.740108
2012-08-10,26.760918
2012-08-13,26.649958
2012-08-14,26.691566
2012-08-15,26.636087
2012-08-16,26.892673
2012-08-17,26.899612
2012-08-20,26.858000
2012-08-21,26.975889
2012-08-22,26.955082
2012-08-23,26.705435
2012-08-24,26.677696
2012-08-27,26.615288
2012-08-28,26.573677
2012-08-29,26.525133
2012-08-30,26.157598
2012-08-31,26.393375
2012-09-04,26.254675
2012-09-05,26.178406
2012-09-06,26.802526
2012-09-07,27.218601
2012-09-10,26.996700
2012-09-11,27.336491
2012-09-12,27.475189
2012-09-13,28.016088
2012-09-14,28.418297
2012-09-17,28.210266
2012-09-18,28.113174
2012-09-19,28.189459
2012-09-20,28.016088
2012-09-21,28.023024
2012-09-24,27.953684
2012-09-25,27.683226
2012-09-26,27.461311
2012-09-27,27.794182
2012-09-28,27.315687
2012-10-01,27.600004
2012-10-02,27.697096
2012-10-03,27.565338
2012-10-04,27.870468
2012-10-05,27.912071
2012-10-08,27.572262
2012-10-09,27.274088
2012-10-10,27.128448
2012-10-11,27.336491
2012-10-12,27.274088
2012-10-15,27.475189
2012-10-16,27.863525
2012-10-17,28.168646
2012-10-18,28.043829
2012-10-19,27.683226
2012-10-22,27.925943
2012-10-23,27.357294
2012-10-24,27.364239
2012-10-25,27.572262
2012-10-26,27.447453
2012-10-31,27.489059
2012-11-01,27.808046
2012-11-02,27.565338
2012-11-05,27.565338
2012-11-06,27.808046
2012-11-07,27.357294
2012-11-08,27.121523
2012-11-09,27.107647
2012-11-12,27.128448
2012-11-13,26.975889
2012-11-14,26.663828
2012-11-15,26.740108
2012-11-16,26.760918
2012-11-19,27.294876
2012-11-20,27.322622
2012-11-21,27.398907
2012-11-23,27.939814
2012-11-26,27.842722
2012-11-27,27.704027
2012-11-28,27.925943
2012-11-29,28.147852
2012-11-30,28.147852
2012-12-03,28.140913
2012-12-04,28.217197
2012-12-05,28.342024
2012-12-06,28.411364
2012-12-07,28.383629
2012-12-10,28.487650
2012-12-11,28.619400
2012-12-12,28.778902
2012-12-13,28.688761
2012-12-14,28.792768
2012-12-17,28.903727
2012-12-18,28.855179
2012-12-19,28.938402
2012-12-20,29.097898
2012-12-21,28.875988
2012-12-24,28.771973
2012-12-26,28.827454
2012-12-27,28.875988
2012-12-28,28.695692
2012-12-31,29.042423
2013-01-02,29.569458
2013-01-03,29.305941
2013-01-04,29.465435
2013-01-07,29.264326
2013-01-08,29.070156
2013-01-09,29.257399
2013-01-10,29.590261
2013-01-11,29.611067
2013-01-14,29.673479
2013-01-15,29.624941
2013-01-16,29.493174
2013-01-17,29.687353
2013-01-18,29.728956
2013-01-22,29.763628
2013-01-23,29.673479
2013-01-24,29.715088
2013-01-25,29.943933
2013-01-28,29.756702
2013-01-29,30.034090
2013-01-30,30.013277
2013-01-31,29.860725
2013-02-01,30.158911
2013-02-04,29.645746
2013-02-05,29.784431
2013-02-06,29.798304
2013-02-07,29.590261
2013-02-08,29.735895
2013-02-11,29.708157
2013-02-12,29.832983
2013-02-13,29.930061
2013-02-14,29.791376
2013-02-15,29.722019
2013-02-19,29.985542
2013-02-20,29.666544
2013-02-21,29.285139
2013-02-22,29.611067
2013-02-25,28.993881
2013-02-26,29.174173
2013-02-27,29.562529
2013-02-28,29.507050
2013-03-01,29.527845
2013-03-04,29.513985
2013-03-05,29.819107
2013-03-06,29.874594
2013-03-07,29.964729
2013-03-08,30.034090
2013-03-11,30.096489
2013-03-12,29.930061
2013-03-13,29.832983
2013-03-14,30.110371
2013-03-15,30.089554
2013-03-18,29.756702
2013-03-19,29.645746
2013-03-20,29.812176
2013-03-21,29.576393
2013-03-22,29.735895
2013-03-25,29.479305
2013-03-26,29.680410
2013-03-27,29.583326
2013-03-28,29.722019
2013-04-01,29.416895
2013-04-02,29.624941
2013-04-03,29.347549
2013-04-04,29.472378
2013-04-05,29.354479
2013-04-08,29.396082
2013-04-09,29.576393
2013-04-10,30.013277
2013-04-11,30.151974
2013-04-12,29.999409
2013-04-15,29.326746
2013-04-16,29.784431
2013-04-17,29.215796
2013-04-18,29.188051
2013-04-19,29.437693
2013-04-22,29.527845
2013-04-23,29.832983
2013-04-24,30.103432
2013-04-25,30.262920
2013-04-26,30.242128
2013-04-29,30.644323
2013-04-30,30.762218
2013-05-01,30.533381
2013-05-02,30.644323
2013-05-03,30.935589
2013-05-06,30.914783
2013-05-07,31.067354
2013-05-08,31.372478
2013-05-09,31.129757
2013-05-10,31.095089
2013-05-13,31.046535
2013-05-14,31.136702
2013-05-15,31.199114
2013-05-16,30.997995
2013-05-17,31.192181
2013-05-20,31.358612
2013-05-21,31.421022
2013-05-22,31.067354
2013-05-23,30.755285
2013-05-24,30.505638
2013-05-28,30.588863
2013-05-29,30.290674
2013-05-30,30.415497
2013-05-31,29.819107
2013-06-03,30.013277
2013-06-04,29.881521
2013-06-05,29.382225
2013-06-06,29.513985
2013-06-07,29.763628
2013-06-10,29.742825
2013-06-11,29.312862
2013-06-12,29.257399
2013-06-13,29.701216
2013-06-14,29.347549
2013-06-17,29.791376
2013-06-18,29.895390
2013-06-19,29.292082
2013-06-20,28.182528
2013-06-21,28.321217
2013-06-24,27.780308
2013-06-25,28.147852
2013-06-26,28.355885
2013-06-27,28.693760
2013-06-28,28.714916
2013-07-01,28.905357
2013-07-02,28.750181
2013-07-03,28.686697
2013-07-05,28.813663
2013-07-08,28.954737
2013-07-09,29.152233
2013-07-10,29.194553
2013-07-11,30.062140
2013-07-12,29.843485
2013-07-15,30.055082
2013-07-16,30.055082
2013-07-17,30.167931
2013-07-18,30.280802
2013-07-19,30.252581
2013-07-22,30.435986
2013-07-23,30.555883
2013-07-24,30.421865
2013-07-25,30.499460
2013-07-26,30.372507
2013-07-29,30.076246
2013-07-30,29.998655
2013-07-31,30.019821
2013-08-01,30.428925
2013-08-02,30.598207
2013-08-05,30.506504
2013-08-06,30.407764
2013-08-07,30.224373
2013-08-08,30.548841
2013-08-09,30.633474
2013-08-12,30.633474
2013-08-13,30.838034
2013-08-14,30.852139
2013-08-15,30.605259
2013-08-16,30.619370
2013-08-19,30.344288
2013-08-20,30.280802
2013-08-21,29.871691
2013-08-22,30.196163
2013-08-23,30.435986
2013-08-26,30.231422
2013-08-27,29.716524
2013-08-28,29.723570
2013-08-29,29.709457
2013-08-30,29.540178
2013-09-03,29.963381
2013-09-04,30.224373
2013-09-05,30.301968
2013-09-06,30.506504
2013-09-09,30.979099
2013-09-10,31.275351
2013-09-11,31.388208
2013-09-12,31.169533
2013-09-13,31.317661
2013-09-16,31.578640
2013-09-17,31.613909
2013-09-18,32.474449
2013-09-19,32.326321
2013-09-20,31.987749
2013-09-23,31.987749
2013-09-24,31.910172
2013-09-25,31.924273
2013-09-26,32.015972
2013-09-27,31.881950
2013-09-30,31.613909
2013-10-01,31.867846
2013-10-02,31.889004
2013-10-03,31.698559
2013-10-04,31.818470
2013-10-07,31.529268
2013-10-08,31.296499
2013-10-09,31.430527
2013-10-10,32.015972
2013-10-11,32.185261
2013-10-14,32.298103
2013-10-15,32.107662
2013-10-16,32.368645
2013-10-17,32.693104
2013-10-18,32.883553
2013-10-21,32.911766
2013-10-22,33.200958
2013-10-23,32.841232
2013-10-24,32.982304
2013-10-25,32.932922
2013-10-28,32.939980
2013-10-29,33.010525
2013-10-30,32.883553
2013-10-31,32.728378
2013-11-01,32.552036
2013-11-04,32.700161
2013-11-05,32.389801
2013-11-06,32.657837
2013-11-07,32.114719
2013-11-08,32.213455
2013-11-11,32.255795
2013-11-12,32.157032
2013-11-13,32.269897
2013-11-14,32.460342
2013-11-15,32.777748
2013-11-18,32.841232
2013-11-19,32.742485
2013-11-20,32.474449
2013-11-21,32.629616
2013-11-22,32.756596
2013-11-25,32.601402
2013-11-26,32.587299
2013-11-27,32.700161
2013-11-29,32.791862
2013-12-02,32.530876
2013-12-03,32.291050
2013-12-04,32.142944
2013-12-05,31.980703
2013-12-06,32.396854
2013-12-09,32.396854
2013-12-10,32.347488
2013-12-11,31.987749
2013-12-12,31.747927
2013-12-13,31.754993
2013-12-16,31.973648
2013-12-17,31.832569
2013-12-18,32.336887
2013-12-19,32.265450
2013-12-20,32.336887
2013-12-23,32.651180
2013-12-24,32.758324
2013-12-26,32.844040
2013-12-27,33.094048
2013-12-30,33.186913
2013-12-31,33.336914
2014-01-02,32.694035
2014-01-03,32.686886
2014-01-06,32.572598
2014-01-07,32.708317
2014-01-08,32.708317
2014-01-09,32.594032
2014-01-10,32.915466
2014-01-13,32.708317
2014-01-14,32.865471
2014-01-15,32.965477
2014-01-16,32.965477
2014-01-17,32.836895
2014-01-21,32.915466
2014-01-22,32.965477
2014-01-23,32.658321
2014-01-24,31.808285
2014-01-27,31.636856
2014-01-28,31.908295
2014-01-29,31.529711
2014-01-30,31.686857
2014-01-31,31.315414
2014-02-03,30.693964
2014-02-04,31.022547
2014-02-05,31.051115
2014-02-06,31.608290
2014-02-07,31.965429
2014-02-10,31.808285
2014-02-11,32.365456
2014-02-12,32.415459
2014-02-13,32.522598
2014-02-14,32.722607
2014-02-18,32.894043
2014-02-19,32.686886
2014-02-20,32.808319
2014-02-21,32.872612
2014-02-24,33.144051
2014-02-25,32.986900
2014-02-26,32.879753
2014-02-27,33.051182
2014-02-28,33.094048
2014-03-03,32.472595
2014-03-04,33.058327
2014-03-05,33.029762
2014-03-06,33.408348
2014-03-07,33.172626
2014-03-10,32.944042
2014-03-11,32.722607
2014-03-12,32.651180
2014-03-13,32.101162
2014-03-14,32.065445
2014-03-17,32.436886
2014-03-18,32.665459
2014-03-19,32.229736
2014-03-20,32.186878
2014-03-21,32.158302
2014-03-24,32.244011
2014-03-25,32.622597
2014-03-26,32.608318
2014-03-27,32.822613
2014-03-28,33.058327
2014-03-31,33.265488
2014-04-01,33.494064
2014-04-02,33.536919
2014-04-03,33.479774
2014-04-04,33.351204
2014-04-07,33.286915
2014-04-08,33.386917
2014-04-09,33.772640
2014-04-10,33.244053
2014-04-11,33.072624
2014-04-14,33.222622
2014-04-15,33.044052
2014-04-16,33.408348
2014-04-17,33.594063
2014-04-21,33.608353
2014-04-22,33.694073
2014-04-23,33.594063
2014-04-24,33.565495
2014-04-25,33.394062
2014-04-28,33.508343
2014-04-29,33.736927
2014-04-30,33.822647
2014-05-01,33.836929
2014-05-02,33.844082
2014-05-05,33.801216
2014-05-06,33.772640
2014-05-07,33.865501
2014-05-08,33.851219
2014-05-09,33.801216
2014-05-12,34.072651
2014-05-13,34.129799
2014-05-14,34.136940
2014-05-15,33.951225
2014-05-16,34.144089
2014-05-19,34.086941
2014-05-20,33.829777
2014-05-21,34.079800
2014-05-22,34.194092
2014-05-23,34.279797
2014-05-27,34.386944
2014-05-28,34.329807
2014-05-29,34.486958
2014-05-30,34.394100
2014-06-02,34.451237
2014-06-03,34.458385
2014-06-04,34.429813
2014-06-05,34.644104
2014-06-06,34.865540
2014-06-09,34.865540
2014-06-10,34.844116
2014-06-11,34.701260
2014-06-12,34.686970
2014-06-13,34.722683
2014-06-16,34.701260
2014-06-17,34.686970
2014-06-18,34.986973
2014-06-19,35.115551
2014-06-20,35.051266
2014-06-23,35.015537
2014-06-24,34.808384
2014-06-25,34.821499
2014-06-26,34.879734
2014-06-27,34.945236
2014-06-30,34.952526
2014-07-01,35.250938
2014-07-02,35.345573
2014-07-03,35.454750
2014-07-07,35.221828
2014-07-08,34.930672
2014-07-09,35.098091
2014-07-10,34.748714
2014-07-11,34.755989
2014-07-14,34.996193
2014-07-15,34.916115
2014-07-16,35.127213
2014-07-17,34.661369
2014-07-18,34.988907
2014-07-21,34.872452
2014-07-22,35.105366
2014-07-23,35.170872
2014-07-24,35.105366
2014-07-25,35.076256
2014-07-28,35.170872
2014-07-29,35.025314
2014-07-30,35.010746
2014-07-31,34.413883
2014-08-01,34.275593
2014-08-04,34.464840
2014-08-05,34.020836
2014-08-06,33.955338
2014-08-07,33.678726
2014-08-08,33.897102
2014-08-11,34.071789
2014-08-12,34.086342
2014-08-13,34.246479
2014-08-14,34.435730
2014-08-15,34.362946
2014-08-18,34.574028
2014-08-19,34.690479
2014-08-20,34.624966
2014-08-21,34.719593
2014-08-22,34.581303
2014-08-25,34.799664
2014-08-26,34.857899
2014-08-27,34.937958
2014-08-28,34.777824
2014-08-29,34.777824
2014-09-02,34.799664
2014-09-03,35.090820
2014-09-04,34.937958
2014-09-05,35.003471
2014-09-08,34.624966
2014-09-09,34.472107
2014-09-10,34.581303
2014-09-11,34.355656
2014-09-12,34.253761
2014-09-15,34.173687
2014-09-16,34.384773
2014-09-17,34.122746
2014-09-18,34.326542
2014-09-19,34.159138
2014-09-22,33.948051
2014-09-23,33.656902
2014-09-24,33.875259
2014-09-25,33.351189
2014-09-26,33.504044
2014-09-29,33.161949
2014-09-30,33.103718
2014-10-01,32.666992
2014-10-02,32.419521
2014-10-03,32.455910
2014-10-06,32.732498
2014-10-07,32.230263
2014-10-08,32.688828
2014-10-09,31.910004
2014-10-10,31.393208
2014-10-13,31.415041
2014-10-14,31.495113
2014-10-15,31.247633
2014-10-16,31.036552
2014-10-17,31.531506
2014-10-20,31.698921
2014-10-21,31.997345
2014-10-22,31.706198
2014-10-23,32.019180
2014-10-24,32.193878
2014-10-27,32.041023
2014-10-28,32.485027
2014-10-29,32.317604
2014-10-30,32.535976
2014-10-31,33.030933
2014-11-03,32.761612
2014-11-04,32.594200
2014-11-05,32.616043
2014-11-06,32.419521
2014-11-07,32.492306
2014-11-10,32.630596
2014-11-11,32.783455
2014-11-12,32.572361
2014-11-13,32.652447
2014-11-14,32.754337
2014-11-17,32.586918
2014-11-18,32.892632
2014-11-19,32.819851
2014-11-20,32.710670
2014-11-21,33.118271
2014-11-24,33.169224
2014-11-25,33.205620
2014-11-26,33.394863
2014-11-28,33.001812
2014-12-01,32.863518
2014-12-02,32.885353
2014-12-03,32.929024
2014-12-04,32.812576
2014-12-05,32.841686
2014-12-08,32.455910
2014-12-09,32.288498
2014-12-10,31.859049
2014-12-11,31.757154
2014-12-12,31.153015
2014-12-15,30.679903
2014-12-16,30.847305
2014-12-17,31.280712
2014-12-18,31.898821
2014-12-19,31.862038
2014-12-22,32.068081
2014-12-23,31.898821
2014-12-24,32.075439
2014-12-26,32.178444
2014-12-29,32.038643
2014-12-30,31.810532
2014-12-31,31.656000
2015-01-02,31.464682
2015-01-05,30.780350
2015-01-06,30.463928
2015-01-07,30.809782
2015-01-08,31.258642
2015-01-09,31.089396
2015-01-12,30.964310
2015-01-13,31.067326
2015-01-14,30.971666
2015-01-15,31.133549
2015-01-16,31.472034
2015-01-20,31.538260
2015-01-21,31.839958
2015-01-22,32.045998
2015-01-23,31.898821
2015-01-26,32.207878
2015-01-27,32.200520
2015-01-28,31.736938
2015-01-29,32.045998
2015-01-30,31.545614
2015-02-02,31.994484
2015-02-03,32.502209
2015-02-04,32.222610
2015-02-05,32.619953
2015-02-06,32.185802
2015-02-09,32.097507
2015-02-10,32.281460
2015-02-11,32.082794
2015-02-12,32.619953
2015-02-13,32.870140
2015-02-17,32.921654
2015-02-18,33.054100
2015-02-19,33.039383
2015-02-20,33.267498
2015-02-23,33.105633
2015-02-24,33.355793
2015-02-25,33.385235
2015-02-26,33.311653
2015-02-27,33.296928
2015-03-02,33.370514
2015-03-03,33.135048
2015-03-04,32.973164
2015-03-05,33.002590
2015-03-06,32.561092
2015-03-09,32.524288
2015-03-10,31.839958
2015-03-11,31.935623
2015-03-12,32.274101
2015-03-13,32.053352
2015-03-16,32.413914
2015-03-17,32.428635
2015-03-18,33.142406
2015-03-19,32.686184
2015-03-20,33.355793
2015-03-23,33.517685
2015-03-24,33.532398
2015-03-25,33.289570
2015-03-26,33.024666
2015-03-27,33.120327
2015-03-30,33.274864
2015-03-31,32.892220
2015-04-01,33.164486
2015-04-02,33.473541
2015-04-06,33.834095
2015-04-07,33.804668
2015-04-08,34.054844
2015-04-09,34.179947
2015-04-10,34.246166
2015-04-13,34.062206
2015-04-14,34.275604
2015-04-15,34.459560
2015-04-16,34.621449
2015-04-17,34.150509
2015-04-20,34.187302
2015-04-21,34.459560
2015-04-22,34.584663
2015-04-23,34.768623
2015-04-24,34.930496
2015-04-27,35.092392
2015-04-28,35.107105
2015-04-29,34.827484
2015-04-30,34.466919
2015-05-01,34.753899
2015-05-04,34.768623
2015-05-05,34.290321
2015-05-06,34.275604
2015-05-07,34.179947
2015-05-08,34.834854
2015-05-11,34.533154
2015-05-12,34.496357
2015-05-13,34.680325
2015-05-14,35.033520
2015-05-15,35.143898
2015-05-18,34.982014
2015-05-19,34.864285
2015-05-20,34.886353
2015-05-21,35.018806
2015-05-22,34.886353
2015-05-26,34.268246
2015-05-27,34.518425
2015-05-28,34.393333
2015-05-29,34.076920
2015-06-01,33.937115
2015-06-02,34.128429
2015-06-03,34.246166
2015-06-04,33.848804
2015-06-05,33.525047
2015-06-08,33.458817
2015-06-09,33.282211
2015-06-10,33.892967
2015-06-11,33.959190
2015-06-12,33.738438
2015-06-15,33.466175
2015-06-16,33.480888
2015-06-17,33.466175
2015-06-18,33.760509
2015-06-19,33.613342
2015-06-22,34.194672
2015-06-23,34.334461
2015-06-24,34.076920
2015-06-25,34.044815
2015-06-26,33.962650
2015-06-29,33.014050
2015-06-30,32.999123
2015-07-01,33.193310
2015-07-02,33.282936
2015-07-06,32.565903
2015-07-07,32.461327
2015-07-08,31.632244
2015-07-09,32.110271
2015-07-10,33.036465
2015-07-13,33.200775
2015-07-14,33.387512
2015-07-15,33.238125
2015-07-16,33.492085
2015-07-17,33.439789
2015-07-20,33.424854
2015-07-21,33.357643
2015-07-22,33.058872
2015-07-23,32.924419
2015-07-24,32.543480
2015-07-27,32.229790
2015-07-28,32.610710
2015-07-29,32.767559
2015-07-30,32.715275
2015-07-31,32.924419
2015-08-03,32.752632
2015-08-04,32.782509
2015-08-05,32.916950
2015-08-06,32.789978
2015-08-07,32.745167
2015-08-10,33.193310
2015-08-11,32.640591
2015-08-12,32.394104
2015-08-13,32.356758
2015-08-14,32.394104
2015-08-17,32.259655
2015-08-18,32.043053
2015-08-19,31.714399
2015-08-20,31.012293
2015-08-21,30.205616
2015-08-24,29.085230
2015-08-25,29.428814
2015-08-26,30.123453
2015-08-27,30.750879
2015-08-28,30.653778
2015-08-31,30.474510
2015-09-01,29.443760
2015-09-02,29.847086
2015-09-03,29.921785
2015-09-04,29.204739
2015-09-08,30.056234
2015-09-09,29.944191
2015-09-10,30.160801
2015-09-11,30.115984
2015-09-14,29.944191
2015-09-15,30.138397
2015-09-16,30.661247
2015-09-17,30.728466
2015-09-18,30.011421
2015-09-21,29.996469
2015-09-22,29.316778
2015-09-23,29.062828
2015-09-24,29.010540
2015-09-25,29.204739
2015-09-28,28.584791
2015-09-29,28.562387
2015-09-30,29.167393
2015-10-01,29.264496
2015-10-02,29.809748
2015-10-05,30.429695
2015-10-06,30.481983
2015-10-07,30.915192
2015-10-08,31.169153
2015-10-09,31.243847
2015-10-12,31.169153
2015-10-13,30.780752
2015-10-14,30.892790
2015-10-15,31.430578
2015-10-16,31.415632
2015-10-19,31.251310
2015-10-20,31.184090
2015-10-21,30.997358
2015-10-22,31.430578
2015-10-23,31.691990
2015-10-26,31.527674
2015-10-27,31.228905
2015-10-28,31.393213
2015-10-29,31.139265
2015-10-30,31.079512
2015-11-02,31.408165
2015-11-03,31.490328
2015-11-04,31.311062
2015-11-05,31.281189
2015-11-06,31.034700
2015-11-09,30.646296
2015-11-10,30.616425
2015-11-11,30.720997
2015-11-12,30.362474
2015-11-13,30.063698
2015-11-16,30.459566
2015-11-17,30.504383
2015-11-18,30.810625
2015-11-19,30.989895
2015-11-20,30.967480
2015-11-23,30.765802
2015-11-24,30.810625
2015-11-25,30.847961
2015-11-27,30.728466
2015-11-30,30.676176
2015-12-01,31.027231
2015-12-02,30.691120
2015-12-03,30.541733
2015-12-04,30.735935
2015-12-07,30.414753
2015-12-08,29.974079
2015-12-09,29.862028
2015-12-10,29.824684
2015-12-11,29.204739
2015-12-14,29.257015
2015-12-15,29.518448
2015-12-16,30.101044
2015-12-17,29.690228
2015-12-18,29.406403
2015-12-21,29.615692
2015-12-22,29.841530
2015-12-23,30.300745
2015-12-24,30.217936
2015-12-28,30.105021
2015-12-29,30.391087
2015-12-30,30.089964
2015-12-31,29.818943
2016-01-04,29.246817
2016-01-05,29.216703
2016-01-06,28.674681
2016-01-07,28.027254
2016-01-08,27.733654
2016-01-11,27.756239
2016-01-12,27.899275
2016-01-13,27.477692
2016-01-14,27.823997
2016-01-15,26.837812
2016-01-19,27.078711
2016-01-20,26.491510
2016-01-21,26.694773
2016-01-22,27.507818
2016-01-25,27.093763
2016-01-26,27.583096
2016-01-27,27.432529
2016-01-28,27.575560
2016-01-29,28.162764
2016-02-01,28.064903
2016-02-02,27.379831
2016-02-03,27.711073
2016-02-04,27.808935
2016-02-05,27.455111
2016-02-08,26.943197
2016-02-09,26.596907
2016-02-10,26.619492
2016-02-11,26.250612
2016-02-12,26.664661
2016-02-16,27.221741
2016-02-17,27.726139
2016-02-18,27.635788
2016-02-19,27.545454
2016-02-22,27.914335
2016-02-23,27.432529
2016-02-24,27.402426
2016-02-25,27.688488
2016-02-26,27.583096
2016-02-29,27.470173
2016-03-01,28.268147
2016-03-02,28.493999
2016-03-03,28.787598
2016-03-04,29.081184
2016-03-07,29.081184
2016-03-08,28.749945
2016-03-09,28.900515
2016-03-10,28.862879
2016-03-11,29.585571
2016-03-14,29.502762
2016-03-15,29.148952
2016-03-16,29.517826
2016-03-17,29.864115
2016-03-18,29.803888
2016-03-21,29.788841
2016-03-22,29.721083
2016-03-23,29.352209
2016-03-24,29.201643
2016-03-28,29.359735
2016-03-29,29.690973
2016-03-30,29.961981
2016-03-31,29.721083
2016-04-01,29.472666
2016-04-04,29.337141
2016-04-05,28.772539
2016-04-06,29.194115
2016-04-07,28.772539
2016-04-08,29.337141
2016-04-11,29.404900
2016-04-12,29.886702
2016-04-13,30.360970
2016-04-14,30.383558
2016-04-15,30.300745
2016-04-18,30.534128
2016-04-19,31.046040
2016-04-20,31.015923
2016-04-21,30.835245
2016-04-22,30.812656
2016-04-25,30.654577
2016-04-26,30.790079
2016-04-27,30.857834
2016-04-28,30.564236
2016-04-29,30.473902
2016-05-02,30.669626
2016-05-03,30.052322
2016-05-04,29.706034
2016-05-05,29.668388
2016-05-06,29.713554
2016-05-09,29.578049
2016-05-10,30.037266
2016-05-11,29.834011
2016-05-12,29.826475
2016-05-13,29.435009
2016-05-16,29.811422
2016-05-17,29.608162
2016-05-18,29.532885
2016-05-19,29.337141
2016-05-20,29.562988
2016-05-23,29.487713
2016-05-24,29.864115
2016-05-25,30.172768
2016-05-26,30.248051
2016-05-27,30.202883
2016-05-31,30.105021
2016-06-01,30.112541
2016-06-02,30.157715
2016-06-03,30.413671
2016-06-06,30.631985
2016-06-07,30.887941
2016-06-08,30.993338
2016-06-09,30.624464
2016-06-10,29.788841
2016-06-13,29.367256
2016-06-14,28.998379
2016-06-15,29.201643
2016-06-16,29.201643
2016-06-17,29.427486
2016-06-20,30.089964
2016-06-21,30.308271
2016-06-22,30.321306
2016-06-23,31.103302
2016-06-24,28.711330
2016-06-27,28.205339
2016-06-28,28.964334
2016-06-29,29.508661
2016-06-30,29.868986
2016-07-01,29.968647
2016-07-05,29.424328
2016-07-06,29.385990
2016-07-07,29.286325
2016-07-08,29.723322
2016-07-11,30.121979
2016-07-12,30.520641
2016-07-13,30.505314
2016-07-14,30.796638
2016-07-15,30.650980
2016-07-18,30.773645
2016-07-19,30.489983
2016-07-20,30.727642
2016-07-21,30.635649
2016-07-22,30.704639
2016-07-25,30.589643
2016-07-26,30.735308
2016-07-27,30.819633
2016-07-28,30.819633
2016-07-29,31.110970
2016-08-01,30.926971
2016-08-02,30.788975
2016-08-03,30.750645
2016-08-04,30.926971
2016-08-05,31.095636
2016-08-08,31.202967
2016-08-09,31.471291
2016-08-10,31.540298
2016-08-11,31.808638
2016-08-12,31.716619
2016-08-15,31.885292
2016-08-16,31.808638
2016-08-17,31.785629
2016-08-18,31.938963
2016-08-19,31.716619
2016-08-22,31.655294
2016-08-23,31.739635
2016-08-24,31.662962
2016-08-25,31.593964
2016-08-26,31.379297
2016-08-29,31.524965
2016-08-30,31.471291
2016-08-31,31.333302
2016-09-01,31.547968
2016-09-02,31.946625
2016-09-06,32.260963
2016-09-07,32.245625
2016-09-08,32.145958
2016-09-09,31.440630
2016-09-12,31.670631
2016-09-13,31.011305
2016-09-14,31.018972
2016-09-15,31.325632
2016-09-16,30.957645
2016-09-19,31.156975
2016-09-20,31.287302
2016-09-21,31.885292
2016-09-22,32.199615
2016-09-23,31.877634
2016-09-26,31.524965
2016-09-27,31.716619
2016-09-28,31.992622
2016-09-29,31.593964
2016-09-30,31.800964
2016-10-03,31.777960
2016-10-04,31.662962
2016-10-05,31.892965
2016-10-06,31.762636
2016-10-07,31.593964
2016-10-10,31.762636
2016-10-11,31.264299
2016-10-12,31.210630
2016-10-13,31.087969
2016-10-14,31.103302
2016-10-17,31.011305
2016-10-18,31.440630
2016-10-19,31.547968
2016-10-20,31.524965
2016-10-21,31.494299
2016-10-24,31.517305
2016-10-25,31.486635
2016-10-26,31.287302
2016-10-27,31.225964
2016-10-28,31.210630
2016-10-31,31.241301
2016-11-01,31.118629
2016-11-02,30.850311
2016-11-03,30.811975
2016-11-04,30.528311
2016-11-07,31.172298
2016-11-08,31.210630
2016-11-09,31.026640
2016-11-10,30.758308
2016-11-11,30.505314
2016-11-14,30.305975
2016-11-15,30.566641
2016-11-16,30.282984
2016-11-17,30.466990
2016-11-18,30.198652
2016-11-21,30.474648
2016-11-22,30.612638
2016-11-23,30.474648
2016-11-25,30.589643
2016-11-28,30.489983
2016-11-29,30.620308
2016-11-30,30.604977
2016-12-01,30.466990
2016-12-02,30.535980
2016-12-05,30.796638
2016-12-06,30.980642
2016-12-07,31.409960
2016-12-08,31.440630
2016-12-09,31.501961
2016-12-12,31.402304
2016-12-13,31.724289
2016-12-14,31.172298
2016-12-15,31.126308
2016-12-16,31.064970
2016-12-19,31.003637
2016-12-20,31.118629
2016-12-21,31.110897
2016-12-22,30.940590
2016-12-23,31.033485
2016-12-27,31.018009
2016-12-28,30.956079
2016-12-29,31.165081
2016-12-30,31.172808
2017-01-03,31.343121
2017-01-04,31.691467
2017-01-05,31.962399
2017-01-06,31.830805
2017-01-09,31.784355
2017-01-10,31.869509
2017-01-11,32.093998
2017-01-12,32.109482
2017-01-13,32.210106
2017-01-17,32.148182
2017-01-18,31.985626
2017-01-19,31.923702
2017-01-20,32.063026
2017-01-23,32.202374
2017-01-24,32.341709
2017-01-25,32.666828
2017-01-26,32.558456
2017-01-27,32.519737
2017-01-30,32.287518
2017-01-31,32.364929
2017-02-01,32.496529
2017-02-02,32.504280
2017-02-03,32.628128
2017-02-06,32.442345
2017-02-07,32.380417
2017-02-08,32.504280
2017-02-09,32.620380
2017-02-10,32.759724
2017-02-13,32.883572
2017-02-14,32.860352
2017-02-15,33.022911
2017-02-16,33.069359
2017-02-17,32.968719
2017-02-21,33.115810
2017-02-22,33.146770
2017-02-23,33.185471
2017-02-24,32.930027
2017-02-27,32.875835
2017-02-28,32.736500
2017-03-01,33.146770
2017-03-02,32.860352
2017-03-03,33.053875
2017-03-06,32.960979
2017-03-07,32.868092
2017-03-08,32.690041
2017-03-09,32.721008
2017-03-10,32.999683
2017-03-13,33.216438
2017-03-14,32.976475
2017-03-15,33.518326
2017-03-16,33.704121
2017-03-17,33.727333
2017-03-20,33.773785
2017-03-21,33.541553
2017-03-22,33.595745
2017-03-23,33.665417
2017-03-24,33.766041
2017-03-27,33.835712
2017-03-28,33.944084
2017-03-29,33.998264
2017-03-30,33.889904
2017-03-31,33.766041
2017-04-03,33.789268
2017-04-04,33.789268
2017-04-05,33.649929
2017-04-06,33.642185
2017-04-07,33.618973
2017-04-10,33.572514
2017-04-11,33.704121
2017-04-12,33.704121
2017-04-13,33.471886
2017-04-17,33.742817
2017-04-18,33.518326
2017-04-19,33.371258
2017-04-20,33.680897
2017-04-21,33.688641
2017-04-24,34.400806
2017-04-25,34.617542
2017-04-26,34.501434
2017-04-27,34.501434
2017-04-28,34.493690
2017-05-01,34.633034
2017-05-02,34.787853
2017-05-03,34.656250
2017-05-04,34.803333
2017-05-05,35.174896
2017-05-08,34.981377
2017-05-09,35.004601
2017-05-10,35.105228
2017-05-11,35.066521
2017-05-12,35.221336
2017-05-15,35.445824
2017-05-16,35.623871
2017-05-17,35.174896
2017-05-18,35.097488
2017-05-19,35.554199
2017-05-22,35.647099
2017-05-23,35.608387
2017-05-24,35.678055
2017-05-25,35.709019
2017-05-26,35.654835
2017-05-30,35.600655
2017-05-31,35.554199
2017-06-01,35.933506
2017-06-02,36.127029
2017-06-05,35.995434
2017-06-06,35.918022
2017-06-07,35.894802
2017-06-08,35.902554
2017-06-09,35.747734
2017-06-12,35.631607
2017-06-13,35.879311
2017-06-14,35.840618
2017-06-15,35.476795
2017-06-16,35.732239
2017-06-19,35.918022
2017-06-20,35.573219
2017-06-21,35.573219
2017-06-22,35.651756
2017-06-23,35.738155
2017-06-26,35.863831
2017-06-27,35.808842
2017-06-28,36.115173
2017-06-29,35.746021
2017-06-30,35.808842
2017-07-03,35.800999
2017-07-05,35.816708
2017-07-06,35.581066
2017-07-07,35.651756
2017-07-10,35.761730
2017-07-11,35.895260
2017-07-12,36.295834
2017-07-13,36.397938
2017-07-14,36.696419
2017-07-17,36.610008
2017-07-18,36.672844
2017-07-19,36.853504
2017-07-20,36.979179
2017-07-21,36.853504
2017-07-24,36.845646
2017-07-25,36.877071
2017-07-26,37.097000
2017-07-27,36.987030
2017-07-28,37.010593
2017-07-31,37.065571
2017-08-01,37.246235
2017-08-02,37.293362
2017-08-03,37.238377
2017-08-04,37.293362
2017-08-07,37.348339
2017-08-08,37.230518
2017-08-09,37.097000
2017-08-10,36.476482
2017-08-11,36.468628
2017-08-14,36.727825
2017-08-15,36.688557
2017-08-16,36.979179
2017-08-17,36.547180
2017-08-18,36.657139
2017-08-21,36.688557
2017-08-22,36.939915
2017-08-23,36.947758
2017-08-24,36.963467
2017-08-25,37.175541
2017-08-28,37.128414
2017-08-29,37.018452
2017-08-30,36.979179
2017-08-31,37.222668
2017-09-01,37.356190
2017-09-05,37.049873
2017-09-06,37.316917
2017-09-07,37.599686
2017-09-08,37.544701
2017-09-11,37.882446
2017-09-12,37.976696
2017-09-13,37.772484
2017-09-14,37.866741
2017-09-15,37.929585
2017-09-18,37.984566
2017-09-19,38.133793
2017-09-20,38.094528
2017-09-21,38.031685
2017-09-22,38.063107
2017-09-25,37.764637
2017-09-26,37.678238
2017-09-27,37.662518
2017-09-28,37.709652
2017-09-29,37.976696
2017-10-02,37.945286
2017-10-03,38.188774
2017-10-04,38.149498
2017-10-05,38.188774
2017-10-06,38.125942
2017-10-09,38.094528
2017-10-10,38.447979
2017-10-11,38.557938
2017-10-12,38.550083
2017-10-13,38.762154
2017-10-16,38.762154
2017-10-17,38.652191
2017-10-18,38.746449
2017-10-19,38.628635
2017-10-20,38.589363
2017-10-23,38.463684
2017-10-24,38.526520
2017-10-25,38.408703
2017-10-26,38.338013
2017-10-27,38.518665
2017-10-30,38.550083
2017-10-31,38.707184
2017-11-01,38.817131
2017-11-02,38.911396
2017-11-03,38.840706
2017-11-06,38.989933
2017-11-07,38.832848
2017-11-08,38.966373
2017-11-09,38.746449
2017-11-10,38.628635
2017-11-13,38.518665
2017-11-14,38.440121
2017-11-15,38.243767
2017-11-16,38.660046
2017-11-17,38.628635
2017-11-20,38.699318
2017-11-21,39.037060
2017-11-22,39.170586
2017-11-24,39.343391
2017-11-27,39.021362
2017-11-28,39.225578
2017-11-29,38.942818
2017-11-30,38.872128
2017-12-01,38.793579
2017-12-04,38.652191
2017-12-05,38.612915
2017-12-06,38.424404
2017-12-07,38.526520
2017-12-08,38.738594
2017-12-11,38.864273
2017-12-12,38.848553
2017-12-13,39.037060
2017-12-14,38.856411
2017-12-15,38.840706
2017-12-18,39.280552
2017-12-19,39.144020
2017-12-20,39.128143
2017-12-21,39.310722
2017-12-22,39.437748
2017-12-26,39.429798
2017-12-27,39.509190
2017-12-28,39.604446
2017-12-29,39.652069
2018-01-02,40.088676
2018-01-03,40.342716
2018-01-04,40.644363
2018-01-05,40.938076
2018-01-08,40.938076
2018-01-09,40.930149
2018-01-10,40.819008
2018-01-11,41.065098
2018-01-12,41.438198
2018-01-16,41.350880
2018-01-17,41.652542
2018-01-18,41.620777
2018-01-19,41.843052
2018-01-22,42.065334
2018-01-23,42.224106
2018-01-24,42.366985
2018-01-25,42.255848
2018-01-26,42.660698
2018-01-29,42.192341
2018-01-30,41.779549
2018-01-31,41.819241
2018-02-01,41.827175
2018-02-02,40.874580
2018-02-05,39.263092
2018-02-06,40.239506
2018-02-07,39.501236
2018-02-08,38.445442
2018-02-09,38.723282
2018-02-12,39.271027
2018-02-13,39.286911
2018-02-14,40.033115
2018-02-15,40.422092
2018-02-16,40.485600
2018-02-20,40.088676
2018-02-21,39.969604
2018-02-22,40.096622
2018-02-23,40.533237
2018-02-26,40.874580
2018-02-27,40.152191
2018-02-28,39.707642
2018-03-01,39.255157
2018-03-02,39.390102
2018-03-05,39.548878
2018-03-06,39.858471
2018-03-07,39.794964
2018-03-08,39.882278
2018-03-09,40.279198
2018-03-12,40.342716
2018-03-13,40.017235
2018-03-14,40.136311
2018-03-15,40.120434
2018-03-16,40.049000
2018-03-19,39.675892
2018-03-20,39.794964
2018-03-21,39.906097
2018-03-22,39.056694
2018-03-23,38.540703
2018-03-26,39.334541
2018-03-27,38.953495
2018-03-28,39.048763
2018-03-29,39.445667
2018-04-02,38.897934
2018-04-03,39.183712
2018-04-04,39.286911
2018-04-05,39.556812
2018-04-06,39.128143
2018-04-09,39.390102
2018-04-10,39.906097
2018-04-11,39.787025
2018-04-12,39.898167
2018-04-13,39.810844
2018-04-16,39.858471
2018-04-17,40.009308
2018-04-18,40.318901
2018-04-19,40.136311
2018-04-20,39.874340
2018-04-23,39.779087
2018-04-24,39.612381
2018-04-25,39.532997
2018-04-26,39.779087
2018-04-27,39.890224
2018-04-30,39.667950
2018-05-01,39.532997
2018-05-02,39.445667
2018-05-03,39.477428
2018-05-04,39.636196
2018-05-07,39.636196
2018-05-08,39.660004
2018-05-09,39.779087
2018-05-10,40.183945
2018-05-11,40.231571
2018-05-14,40.310955
2018-05-15,39.906097
2018-05-16,40.104557
2018-05-17,40.017235
2018-05-18,39.810844
2018-05-21,40.080746
2018-05-22,40.064869
2018-05-23,39.731449
2018-05-24,39.596508
2018-05-25,39.405972
2018-05-29,38.635963
2018-05-30,39.088448
2018-05-31,38.929684
2018-06-01,39.215469
2018-06-04,39.445667
2018-06-05,39.374229
2018-06-06,39.723518
2018-06-07,39.453609
2018-06-08,39.477428
2018-06-11,39.652069
2018-06-12,39.469494
2018-06-13,39.429798
2018-06-14,39.310722
2018-06-15,39.080513
2018-06-18,38.770916
2018-06-19,38.384892
2018-06-20,38.497715
2018-06-21,38.159241
2018-06-22,38.538010
2018-06-25,37.965828
2018-06-26,37.998066
2018-06-27,37.506462
2018-06-28,37.756294
2018-06-29,38.078651
2018-07-02,37.715992
2018-07-03,37.796585
2018-07-05,38.054474
2018-07-06,38.344601
2018-07-09,38.731430
2018-07-10,38.771721
2018-07-11,38.094769
2018-07-12,38.433239
2018-07-13,38.546070
2018-07-16,38.465477
2018-07-17,38.586369
2018-07-18,38.594425
2018-07-19,38.376835
2018-07-20,38.683071
2018-07-23,38.586369
2018-07-24,38.892605
2018-07-25,39.279446
2018-07-26,39.037666
2018-07-27,39.110195
2018-07-30,39.102139
2018-07-31,39.166603
2018-08-01,38.989315
2018-08-02,38.683071
2018-08-03,38.771721
2018-08-06,38.610538
2018-08-07,38.852314
2018-08-08,38.884552
2018-08-09,38.771721
2018-08-10,38.014183
2018-08-13,37.748226
2018-08-14,37.844940
2018-08-15,37.127682
2018-08-16,37.450047
2018-08-17,37.683758
2018-08-20,37.893291
2018-08-21,38.118942
2018-08-22,38.328480
2018-08-23,37.981945
2018-08-24,38.336544
2018-08-27,38.812016
2018-08-28,38.731430
2018-08-29,38.924843
2018-08-30,38.441299
2018-08-31,38.264000
2018-09-04,37.796585
2018-09-05,37.433929
2018-09-06,37.377518
2018-09-07,37.111572
2018-09-10,37.192177
2018-09-11,37.248573
2018-09-12,37.417812
2018-09-13,37.732113
2018-09-14,37.748226
2018-09-17,37.707932
2018-09-18,38.070587
2018-09-19,38.296246
2018-09-20,38.763660
2018-09-21,38.803963
2018-09-24,38.562191
2018-09-25,38.747551
2018-09-26,38.755600
2018-09-27,38.739483
2018-09-28,38.433239
2018-10-01,38.554131
2018-10-02,38.231770
2018-10-03,38.135063
2018-10-04,37.611225
2018-10-05,37.385578
2018-10-08,37.272758
2018-10-09,37.151875
2018-10-10,36.257320
2018-10-11,35.806019
2018-10-12,36.128387
2018-10-15,36.023613
2018-10-16,36.700569
2018-10-17,36.418499
2018-10-18,35.725426
2018-10-19,35.967197
2018-10-22,35.943016
2018-10-23,35.604546
2018-10-24,34.621353
2018-10-25,35.088772
2018-10-26,34.822823
2018-10-29,34.605228
2018-10-30,35.056541
2018-10-31,35.370834
2018-11-01,36.015553
2018-11-02,36.096149
2018-11-05,36.128387
2018-11-06,36.249264
2018-11-07,36.756977
2018-11-08,36.233150
2018-11-09,35.910782
2018-11-12,35.346657
2018-11-13,35.515896
2018-11-14,35.636791
2018-11-15,35.910782
2018-11-16,35.926903
2018-11-19,35.580364
2018-11-20,34.895355
2018-11-21,35.443367
2018-11-23,35.161308
2018-11-26,35.636791
2018-11-27,35.604546
2018-11-28,36.176731
2018-11-29,36.023613
2018-11-30,35.878555
2018-12-03,36.410446
2018-12-04,35.540077
2018-12-06,35.169365
2018-12-07,34.766411
2018-12-10,34.476295
2018-12-11,34.597172
2018-12-12,35.080708
2018-12-13,35.080708
2018-12-14,34.613297
2018-12-17,34.266758
2018-12-18,34.315529
2018-12-19,33.925385
2018-12-20,33.901009
2018-12-21,33.348316
2018-12-24,33.071972
2018-12-26,33.852238
2018-12-27,33.892876
2018-12-28,34.064457
2018-12-31,34.121376
2019-01-02,33.999416
2019-01-03,33.682259
2019-01-04,34.723148
2019-01-07,34.771931
2019-01-08,34.999630
2019-01-09,35.438747
2019-01-10,35.601383
2019-01-11,35.406227
2019-01-14,35.227318
2019-01-15,35.471275
2019-01-16,35.625786
2019-01-17,35.747765
2019-01-18,36.097427
2019-01-22,35.544464
2019-01-23,35.723358
2019-01-24,35.853474
2019-01-25,36.308861
2019-01-28,36.056778
2019-01-29,36.154354
2019-01-30,36.617870
2019-01-31,36.691055
2019-02-01,36.617870
2019-02-04,36.756119
2019-02-05,37.081394
2019-02-06,36.821167
2019-02-07,36.398312
2019-02-08,36.260063
2019-02-11,36.162483
2019-02-12,36.552822
2019-02-13,36.504028
2019-02-14,36.544682
2019-02-15,36.926884
2019-02-19,37.089527
2019-02-20,37.268429
2019-02-21,37.138309
2019-02-22,37.366009
2019-02-25,37.528652
2019-02-26,37.634361
2019-02-27,37.487984
2019-02-28,37.268429
2019-03-01,37.463585
2019-03-04,37.390396
2019-03-05,37.512375
2019-03-06,37.374142
2019-03-07,36.813046
2019-03-08,36.747978
2019-03-11,37.187107
2019-03-12,37.244022
2019-03-13,37.447327
2019-03-14,37.374142
2019-03-15,37.788864
2019-03-18,38.040951
2019-03-19,38.073483
2019-03-20,38.089741
2019-03-21,38.114140
2019-03-22,37.268429
2019-03-25,37.325348
2019-03-26,37.504246
2019-03-27,37.374142
2019-03-28,37.406658
2019-03-29,37.626228
2019-04-01,38.122261
2019-04-02,38.122261
2019-04-03,38.390625
2019-04-04,38.423149
2019-04-05,38.528870
2019-04-08,38.545124
2019-04-09,38.415016
2019-04-10,38.520733
2019-04-11,38.341831
2019-04-12,38.642708
2019-04-15,38.577656
2019-04-16,38.732159
2019-04-17,38.813480
2019-04-18,38.764690
2019-04-22,38.675236
2019-04-23,38.764690
2019-04-24,38.398754
2019-04-25,38.366226
2019-04-26,38.545124
2019-04-29,38.642708
2019-04-30,38.683372
2019-05-01,38.463806
2019-05-02,38.382488
2019-05-03,38.813480
2019-05-06,38.309307
2019-05-07,37.642498
2019-05-08,37.675014
2019-05-09,37.366009
2019-05-10,37.634361
2019-05-13,36.674789
2019-05-14,37.065117
2019-05-15,37.227764
2019-05-16,37.341610
2019-05-17,37.008202
2019-05-20,36.869957
2019-05-21,37.146442
2019-05-22,37.032597
2019-05-23,36.609745
2019-05-24,36.902496
2019-05-28,36.691055
2019-05-29,36.552822
2019-05-30,36.707317
2019-05-31,36.512154
2019-06-03,36.731712
2019-06-04,37.089527
2019-06-05,37.040733
2019-06-06,37.122047
2019-06-07,37.536774
2019-06-10,37.740074
2019-06-11,37.975899
2019-06-12,37.650620
2019-06-13,37.634361
2019-06-14,37.390396
2019-06-17,37.436733
2019-06-18,38.048946
2019-06-19,38.321980
2019-06-20,38.760456
2019-06-21,38.570171
2019-06-24,38.661182
2019-06-25,38.330254
2019-06-26,38.462624
2019-06-27,38.644634
2019-06-28,38.686001
2019-07-01,38.967289
2019-07-02,39.008652
2019-07-03,39.182404
2019-07-05,38.925926
2019-07-08,38.669456
2019-07-09,38.537086
2019-07-10,38.743919
2019-07-11,38.752182
2019-07-12,38.785282
2019-07-15,38.826641
2019-07-16,38.702545
2019-07-17,38.636360
2019-07-18,38.834919
2019-07-19,38.752182
2019-07-22,38.727375
2019-07-23,38.959019
2019-07-24,38.942478
2019-07-25,38.603268
2019-07-26,38.694267
2019-07-29,38.677734
2019-07-30,38.321980
2019-07-31,38.015865
2019-08-01,37.684933
2019-08-02,37.403637
2019-08-05,36.361206
2019-08-06,36.667313
2019-08-07,36.799686
2019-08-08,37.221626
2019-08-09,36.989975
2019-08-12,36.568031
2019-08-13,36.989975
2019-08-14,35.955807
2019-08-15,36.088177
2019-08-16,36.534939
2019-08-19,36.774864
2019-08-20,36.650761
2019-08-21,36.981705
2019-08-22,36.766590
2019-08-23,36.295013
2019-08-26,36.568031
2019-08-27,36.568031
2019-08-28,36.584576
2019-08-29,36.915512
2019-08-30,37.105793
2019-09-03,36.981705
2019-09-04,37.502918
2019-09-05,37.809032
2019-09-06,37.916576
2019-09-09,38.015865
2019-09-10,38.048946
2019-09-11,38.321980
2019-09-12,38.545353
2019-09-13,38.677734
2019-09-16,38.429523
2019-09-17,38.503986
2019-09-18,38.446068
2019-09-19,38.495716
2019-09-20,38.429523
2019-09-23,38.379887
2019-09-24,38.189602
2019-09-25,38.090324
2019-09-26,38.189602
2019-09-27,37.949677
2019-09-30,38.098598
2019-10-01,37.775936
2019-10-02,37.089256
2019-10-03,37.387089
2019-10-04,37.684933
2019-10-07,37.536011
2019-10-08,37.163704
2019-10-09,37.461548
2019-10-10,37.775936
2019-10-11,38.355068
2019-10-14,38.239235
2019-10-15,38.628086
2019-10-16,38.677734
2019-10-17,38.777004
2019-10-18,38.702545
2019-10-21,39.000389
2019-10-22,38.925926
2019-10-23,39.016937
2019-10-24,39.132763
2019-10-25,39.174129
2019-10-28,39.380951
2019-10-29,39.281677
2019-10-30,39.463696
2019-10-31,39.273399
2019-11-01,39.703621
2019-11-04,39.951817
2019-11-05,39.984913
2019-11-06,39.951817
2019-11-07,40.117283
2019-11-08,40.001457
2019-11-11,39.869087
2019-11-12,39.827717
2019-11-13,39.645702
2019-11-14,39.579517
2019-11-15,39.877361
2019-11-18,39.869087
2019-11-19,39.835991
2019-11-20,39.612617
2019-11-21,39.571243
2019-11-22,39.629158
2019-11-25,39.910454
2019-11-26,39.885635
2019-11-27,40.001457
2019-11-29,39.662247
2019-12-02,39.471970
2019-12-03,39.306503
2019-12-04,39.662247
2019-12-05,39.670521
2019-12-06,39.951817
2019-12-09,39.802895
2019-12-10,39.869087
2019-12-11,40.150379
2019-12-12,40.530949
2019-12-13,40.737782
2019-12-16,41.052273
2019-12-17,41.027046
2019-12-18,41.052273
2019-12-19,41.069084
2019-12-20,41.077499
2019-12-23,41.178410
2019-12-24,41.136364
2019-12-26,41.312954
2019-12-27,41.388641
2019-12-30,41.136364
2019-12-31,41.304539
2020-01-02,41.809082
2020-01-03,41.270905
2020-01-06,41.371811
2020-01-07,41.287712
2020-01-08,41.397041
2020-01-09,41.506359
2020-01-10,41.455898
2020-01-13,41.817486
2020-01-14,41.775440
2020-01-15,41.682945
2020-01-16,41.901566
2020-01-17,42.044514
2020-01-21,41.531582
2020-01-22,41.682945
2020-01-23,41.531582
2020-01-24,41.287712
2020-01-27,40.337517
2020-01-28,40.690693
2020-01-29,40.715919
2020-01-30,40.556145
2020-01-31,39.891838
2020-02-03,40.001160
2020-02-04,40.757965
2020-02-05,41.111134
2020-02-06,41.220448
2020-02-07,40.800011
2020-02-10,40.917725
2020-02-11,41.203632
2020-02-12,41.506359
2020-02-13,41.144775
2020-02-14,41.127956
2020-02-18,40.850468
2020-02-19,41.060684
2020-02-20,40.724323
2020-02-21,40.514103
2020-02-24,39.017319
2020-02-25,38.453926
2020-02-26,38.580059
2020-02-27,37.461674
2020-02-28,37.234623
2020-03-02,37.831665
2020-03-03,37.587811
2020-03-04,38.479145
2020-03-05,37.562576
2020-03-06,37.016003
2020-03-09,34.056065
2020-03-10,35.401489
2020-03-11,33.635609
2020-03-12,29.893656
2020-03-13,31.869745
2020-03-16,28.380054
2020-03-17,29.910473
2020-03-18,27.892342
2020-03-19,28.312784
2020-03-20,28.102560
2020-03-23,27.581209
2020-03-24,29.893656
2020-03-25,31.096130
2020-03-26,32.332241
2020-03-27,31.129766
2020-03-30,31.634296
2020-03-31,31.659527
2020-04-01,30.145927
2020-04-02,30.860683
2020-04-03,30.230017
2020-04-06,31.819302
2020-04-07,32.046337
2020-04-08,32.332241
2020-04-09,32.870411
2020-04-13,32.643364
2020-04-14,33.248810
2020-04-15,32.290192
2020-04-16,32.332241
2020-04-17,33.139496
2020-04-20,32.735867
2020-04-21,31.962244
2020-04-22,32.643364
2020-04-23,32.517242
2020-04-24,32.803139
2020-04-27,33.299263
2020-04-28,33.492668
2020-04-29,34.384010
2020-04-30,33.677666
2020-05-01,32.828365
2020-05-04,32.920864
2020-05-05,33.030178
2020-05-06,32.845181
2020-05-07,33.257221
2020-05-08,33.820614
2020-05-11,33.812199
2020-05-12,33.416996
2020-05-13,33.164726
2020-05-14,33.021767
2020-05-15,32.937679
2020-05-18,34.207432
2020-05-19,33.829025
2020-05-20,34.409237
2020-05-21,34.064472
2020-05-22,33.795383
2020-05-26,34.661507
2020-05-27,35.023087
2020-05-28,35.199677
2020-05-29,35.224899
2020-06-01,36.006927
2020-06-02,36.503048
2020-06-03,37.285084
2020-06-04,37.074863
2020-06-05,37.772793
2020-06-08,38.235287
2020-06-09,37.781204
2020-06-10,37.764397
2020-06-11,35.796711
2020-06-12,36.444195
2020-06-15,36.482483
2020-06-16,36.899372
2020-06-17,37.052521
2020-06-18,36.933411
2020-06-19,36.805782
2020-06-22,37.231182
2020-06-23,37.486431
2020-06-24,36.686676
2020-06-25,37.044014
2020-06-26,36.533527
2020-06-29,36.822811
2020-06-30,36.788773
2020-07-01,36.992962
2020-07-02,37.520462
2020-07-06,38.405296
2020-07-07,37.801224
2020-07-08,38.311707
2020-07-09,38.013927
2020-07-10,38.226627
2020-07-13,37.979900
2020-07-14,38.371262
2020-07-15,38.762638
2020-07-16,38.439323
2020-07-17,38.617996
2020-07-20,38.881748
2020-07-21,39.094444
2020-07-22,39.094444
2020-07-23,38.762638
2020-07-24,38.626503
2020-07-27,39.196545
2020-07-28,38.915779
2020-07-29,39.400742
2020-07-30,38.915779
2020-07-31,38.269173
2020-08-03,38.813675
2020-08-04,39.154003
2020-08-05,39.383720
2020-08-06,39.451786
2020-08-07,39.094444
2020-08-10,39.205055
2020-08-11,39.256100
2020-08-12,40.013317
2020-08-13,39.860168
2020-08-14,39.664486
2020-08-17,40.013317
2020-08-18,40.013317
2020-08-19,39.749569
2020-08-20,39.630459
2020-08-21,39.519855
2020-08-24,40.030334
2020-08-25,40.149437
2020-08-26,40.362141
2020-08-27,40.013317
2020-08-28,40.353642
2020-08-31,39.860168
2020-09-01,40.140938
2020-09-02,40.464241
2020-09-03,39.579403
2020-09-04,39.604939
2020-09-08,39.034897
2020-09-09,39.732548
2020-09-10,39.222061
2020-09-11,39.570896
2020-09-14,39.928230
2020-09-15,40.209000
2020-09-16,40.183479
2020-09-17,40.157948
2020-09-18,39.826145
2020-09-21,39.068928
2020-09-22,39.034897
2020-09-23,38.541424
2020-09-24,38.498890
2020-09-25,38.592480
2020-09-28,39.171017
2020-09-29,39.077435
2020-09-30,39.128479
2020-10-01,39.451786
2020-10-02,39.256100
2020-10-05,39.843159
2020-10-06,39.528358
2020-10-07,39.902718
2020-10-08,40.226017
2020-10-09,40.489769
2020-10-12,40.727989
2020-10-13,40.379158
2020-10-14,40.285572
2020-10-15,39.911224
2020-10-16,40.047348
2020-10-19,39.885700
2020-10-20,40.149437
2020-10-21,40.021824
2020-10-22,40.038841
2020-10-23,40.243034
2020-10-26,39.587914
2020-10-27,39.460293
2020-10-28,38.371262
2020-10-29,38.566952
2020-10-30,38.328724
2020-11-02,38.805180
2020-11-03,39.536865
2020-11-04,40.200500
2020-11-05,41.068314
2020-11-06,41.204445
2020-11-09,42.055248
2020-11-10,42.157345
2020-11-11,42.497665
2020-11-12,41.944641
2020-11-13,42.557220
2020-11-16,43.093235
2020-11-17,43.025166
2020-11-18,42.837986
2020-11-19,43.084717
2020-11-20,43.220848
2020-11-23,43.263390
2020-11-24,43.858963
2020-11-25,43.790890
2020-11-27,44.114193
2020-11-30,43.161293
2020-12-01,44.020603
2020-12-02,44.063137
2020-12-03,44.292866
2020-12-04,44.684235
2020-12-07,44.463024
2020-12-08,44.590645
2020-12-09,44.505562
2020-12-10,44.743782
2020-12-11,44.531086
2020-12-14,44.471832
2020-12-15,44.952785
2020-12-16,45.115974
2020-12-17,45.450928
2020-12-18,45.219036
2020-12-21,44.669365
2020-12-22,44.514774
2020-12-23,44.969959
2020-12-24,44.909847
2020-12-28,45.176094
2020-12-29,45.553986
2020-12-30,45.777298
2020-12-31,45.553986
2021-01-04,45.794476
2021-01-05,46.464386
2021-01-06,46.661922
2021-01-07,46.910988
2021-01-08,47.546551
2021-01-11,46.928177
2021-01-12,47.203007
2021-01-13,47.168652
2021-01-14,47.555134
2021-01-15,46.876640
2021-01-19,47.331829
2021-01-20,47.829971
2021-01-21,47.898678
2021-01-22,47.572319
2021-01-25,47.649616
2021-01-26,47.572319
2021-01-27,46.438622
2021-01-28,46.747810
2021-01-29,45.682816
2021-02-01,46.472973
2021-02-02,47.005470
2021-02-03,47.168652
2021-02-04,47.185825
2021-02-05,47.529366
2021-02-08,47.812798
2021-02-09,48.147751
2021-02-10,48.121990
2021-02-11,48.482704
2021-02-12,48.688835
2021-02-16,48.955082
2021-02-17,48.800491
2021-02-18,48.405407
2021-02-19,48.645893
2021-02-22,48.113403
2021-02-23,48.207870
2021-02-24,48.242226
2021-02-25,47.349014
2021-02-26,46.584625
2021-03-01,47.641022
2021-03-02,47.503609
2021-03-03,47.306068
2021-03-04,46.610390
2021-03-05,47.039818
2021-03-08,46.524502
2021-03-09,47.263123
2021-03-10,47.374771
2021-03-11,48.044685
2021-03-12,47.864323
2021-03-15,47.924450
2021-03-16,48.096218
2021-03-17,48.225052
2021-03-18,47.641022
2021-03-19,47.881504
2021-03-22,47.881504
2021-03-23,47.168652
2021-03-24,46.670509
2021-03-25,46.902401
2021-03-26,47.683960
2021-03-29,47.486423
2021-03-30,47.452076
2021-03-31,47.391956
2021-04-01,48.027512
2021-04-05,48.542828
2021-04-06,48.285168
2021-04-07,48.096218
2021-04-08,48.465530
2021-04-09,48.431183
2021-04-12,48.164936
2021-04-13,48.413990
2021-04-14,48.491302
2021-04-15,48.886372
2021-04-16,49.161213
2021-04-19,48.972256
2021-04-20,48.259399
2021-04-21,48.731777
2021-04-22,48.560005
2021-04-23,49.092499
2021-04-26,49.161213
2021-04-27,49.058140
2021-04-28,49.324390
2021-04-29,49.264271
2021-04-30,48.602943
2021-05-03,48.955082
2021-05-04,48.310940
2021-05-05,48.834843
2021-05-06,49.255676
2021-05-07,49.796761
2021-05-10,49.341572
2021-05-11,48.877777
2021-05-12,47.915859
2021-05-13,48.164936
2021-05-14,49.015205
2021-05-17,48.929314
2021-05-18,49.221329
2021-05-19,48.852024
2021-05-20,49.436043
2021-05-21,49.298626
2021-05-24,49.624992
2021-05-25,49.771000
2021-05-26,49.874062
2021-05-27,49.925594
2021-05-28,50.105953
2021-06-01,50.586926
2021-06-02,50.698566
2021-06-03,50.329258
2021-06-04,50.793037
2021-06-07,50.793037
2021-06-08,50.707157
2021-06-09,50.543972
2021-06-10,50.810440
2021-06-11,50.845158
2021-06-14,50.931953
2021-06-15,50.888557
2021-06-16,50.454575
2021-06-17,50.280983
2021-06-18,49.430378
2021-06-21,49.959839
2021-06-22,49.951157
2021-06-23,49.829639
2021-06-24,50.263622
2021-06-25,50.463253
2021-06-28,50.263622
2021-06-29,50.246258
2021-06-30,49.916439
2021-07-01,49.933800
2021-07-02,49.959839
2021-07-06,49.525860
2021-07-07,49.690769
2021-07-08,48.900925
2021-07-09,49.751530
2021-07-12,49.907761
2021-07-13,49.716812
2021-07-14,49.838322
2021-07-15,49.569252
2021-07-16,49.117916
2021-07-19,48.267307
2021-07-20,48.579781
2021-07-21,49.187355
2021-07-22,49.248108
2021-07-23,49.265461
2021-07-26,49.013760
2021-07-27,48.571095
2021-07-28,49.135273
2021-07-29,49.491138
2021-07-30,49.091873
2021-08-02,49.360943
2021-08-03,49.690769
2021-08-04,49.647369
2021-08-05,49.803600
2021-08-06,49.551899
2021-08-09,49.577930
2021-08-10,49.699448
2021-08-11,49.951157
2021-08-12,49.777561
2021-08-13,49.916439
2021-08-16,49.612652
2021-08-17,49.057159
2021-08-18,48.935642
2021-08-19,48.328068
2021-08-20,48.458267
2021-08-23,49.005077
2021-08-24,49.456421
2021-08-25,49.456421
2021-08-26,49.126587
2021-08-27,49.630013
2021-08-30,49.647369
2021-08-31,49.803600
2021-09-01,50.298340
2021-09-02,50.437210
2021-09-03,50.654205
2021-09-07,50.723644
2021-09-08,50.211552
2021-09-09,50.124748
2021-09-10,50.011917
2021-09-13,50.307018
2021-09-14,50.020596
2021-09-15,50.168144
2021-09-16,49.881721
2021-09-17,49.369625
2021-09-20,48.336750
2021-09-21,48.727329
2021-09-22,49.126587
2021-09-23,49.647369
2021-09-24,49.161312
2021-09-27,49.274143
2021-09-28,48.310715
2021-09-29,48.111080
2021-09-30,48.093719
2021-10-01,48.328068
2021-10-04,47.711819
2021-10-05,48.015606
2021-10-06,47.737862
2021-10-07,48.328068
2021-10-08,48.354103
2021-10-11,48.241276
2021-10-12,48.206554
2021-10-13,48.744694
2021-10-14,49.161312
2021-10-15,49.569252
2021-10-18,49.421696
2021-10-19,49.820961
2021-10-20,49.977192
2021-10-21,49.690769
2021-10-22,49.881721
2021-10-25,49.899082
2021-10-26,49.864361
2021-10-27,49.595291
2021-10-28,49.977192
2021-10-29,49.534531
2021-11-01,49.994556
2021-11-02,49.777561
2021-11-03,50.116070
2021-11-04,50.063992
2021-11-05,50.124748
2021-11-08,50.272297
2021-11-09,50.124748
2021-11-10,49.656048
2021-11-11,50.020596
2021-11-12,50.272297
2021-11-15,50.176830
2021-11-16,50.107388
2021-11-17,49.977192
2021-11-18,49.855675
2021-11-19,49.517181
2021-11-22,49.170002
2021-11-23,49.143955
2021-11-24,48.944324
2021-11-26,47.564262
2021-11-29,47.781258
2021-11-30,47.460114
2021-12-01,47.225758
2021-12-02,47.824654
2021-12-03,47.486141
2021-12-06,47.928810
2021-12-07,48.874889
2021-12-08,48.970364
2021-12-09,48.605816
2021-12-10,48.692608
2021-12-13,48.091904
2021-12-14,47.871704
2021-12-15,48.294487
2021-12-16,48.347340
2021-12-17,47.836468
2021-12-20,47.510571
2021-12-21,48.153557
2021-12-22,48.576344
2021-12-23,48.858208
2021-12-27,49.148872
2021-12-28,49.157681
2021-12-29,49.025555
2021-12-30,49.127007
2021-12-31,49.047604
2022-01-03,49.329899
2022-01-04,49.418118
2022-01-05,48.879997
2022-01-06,48.827072
2022-01-07,49.047604
2022-01-10,48.712395
2022-01-11,49.453403
2022-01-12,50.017982
2022-01-13,49.550434
2022-01-14,49.515152
2022-01-18,48.765320
2022-01-19,48.818249
2022-01-20,48.650646
2022-01-21,47.971386
2022-01-24,47.442097
2022-01-25,47.283302
2022-01-26,46.930450
2022-01-27,46.639332
2022-01-28,46.842228
2022-01-31,47.794960
2022-02-01,48.174271
2022-02-02,48.421284
2022-02-03,47.715565
2022-02-04,47.856705
2022-02-07,47.909637
2022-02-08,48.209568
2022-02-09,48.994678
2022-02-10,48.474216
2022-02-11,47.777309
2022-02-14,47.477383
2022-02-15,48.333069
2022-02-16,48.553604
2022-02-17,47.865524
2022-02-18,47.565594
2022-02-22,46.974556
2022-02-23,46.533482
2022-02-24,45.871868
2022-02-25,46.965729
2022-02-28,46.198261
2022-03-01,45.324940
2022-03-02,45.810116
2022-03-03,45.060287
2022-03-04,43.984066
2022-03-07,42.572617
2022-03-08,42.854912
2022-03-09,44.389854
2022-03-10,43.772343
2022-03-11,43.198948
2022-03-14,43.093086
2022-03-15,43.472416
2022-03-16,45.439610
2022-03-17,45.713085
2022-03-18,46.215904
2022-03-21,45.863049
2022-03-22,46.401157
2022-03-23,45.915977
2022-03-24,46.215904
2022-03-25,46.180618
2022-03-28,46.118870
2022-03-29,46.992199
2022-03-30,46.824596
2022-03-31,46.110043
2022-04-01,46.559940
2022-04-04,46.930450
2022-04-05,46.277657
2022-04-06,45.695435
2022-04-07,45.686615
2022-04-08,45.721901
2022-04-11,45.236717
2022-04-12,44.892677
2022-04-13,45.457256
2022-04-14,45.157318
2022-04-18,44.954426
2022-04-19,45.007362
2022-04-20,45.157318
2022-04-21,44.539814
2022-04-22,43.860565
2022-04-25,43.587101
2022-04-26,42.466763
2022-04-27,42.749046
2022-04-28,43.401844
2022-04-29,43.022518
2022-05-02,42.907837
2022-05-03,43.251869
2022-05-04,43.948776
2022-05-05,42.510876
2022-05-06,42.043327
2022-05-09,40.764210
2022-05-10,40.993572
2022-05-11,40.746567
2022-05-12,40.596600
2022-05-13,41.716934
2022-05-16,41.752216
2022-05-17,42.590263
2022-05-18,41.584606
2022-05-19,42.060970
2022-05-20,42.316799
2022-05-23,42.916668
2022-05-24,42.652012
2022-05-25,42.696121
2022-05-26,43.243057
2022-05-27,43.781170
2022-05-31,43.798809
2022-06-01,43.410664
2022-06-02,44.257526
2022-06-03,43.595917
2022-06-06,43.763523
2022-06-07,43.948776
2022-06-08,43.595917
2022-06-09,42.633060
2022-06-10,41.762634
2022-06-13,40.317894
2022-06-14,40.273037
2022-06-15,40.946041
2022-06-16,39.905117
2022-06-17,39.806412
2022-06-21,40.470448
2022-06-22,40.021767
2022-06-23,39.967934
2022-06-24,41.062695
2022-06-27,40.999886
2022-06-28,40.757599
2022-06-29,40.560181
2022-06-30,40.380718
2022-07-01,40.353794
2022-07-05,39.662834
2022-07-06,39.582073
2022-07-07,40.273037
2022-07-08,40.299953
2022-07-11,39.510284
2022-07-12,39.438499
2022-07-13,39.384655
2022-07-14,38.864201
2022-07-15,39.366707
2022-07-18,39.573093
2022-07-19,40.497372
2022-07-20,40.273037
2022-07-21,40.739655
2022-07-22,40.479424
2022-07-25,40.766571
2022-07-26,40.282001
2022-07-27,41.161404
2022-07-28,41.367794
2022-07-29,41.744682
2022-08-01,41.601109
2022-08-02,41.089619
2022-08-03,41.376770
2022-08-04,41.601109
2022-08-05,41.358826
2022-08-08,41.457531
2022-08-09,41.269089
2022-08-10,42.094650
2022-08-11,42.139519
2022-08-12,42.498455
2022-08-15,42.247204
2022-08-16,42.265144
2022-08-17,41.951077
2022-08-18,41.807495
2022-08-19,41.215248
2022-08-22,40.640949
2022-08-23,40.757599
2022-08-24,40.793495
2022-08-25,41.358826
2022-08-26,40.416607
2022-08-29,40.264061
2022-08-30,39.896145
2022-08-31,39.725651
2022-09-01,39.294922
2022-09-02,39.034695
2022-09-06,38.810352
2022-09-07,39.142368
2022-09-08,39.160316
2022-09-09,40.030750
2022-09-12,40.596073
2022-09-13,39.214161
2022-09-14,39.384655
2022-09-15,39.025719
2022-09-16,38.720623
2022-09-19,38.900085
2022-09-20,38.343731
2022-09-21,37.805321
2022-09-22,37.652771
2022-09-23,36.531090
2022-09-26,35.992672
2022-09-27,35.867046
2022-09-28,36.602879
2022-09-29,35.992672
2022-09-30,35.902943
2022-10-03,36.647743
2022-10-04,38.029659
2022-10-05,37.724564
2022-10-06,37.141281
2022-10-07,36.477245
2022-10-10,36.181118
2022-10-11,35.732445
2022-10-12,35.615788
2022-10-13,36.234966
2022-10-14,35.642704
2022-10-17,36.549034
2022-10-18,36.737480
2022-10-19,36.190090
2022-10-20,36.243935
2022-10-21,36.881050
2022-10-24,36.441353
2022-10-25,37.132313
2022-10-26,37.563038
2022-10-27,37.257938
2022-10-28,37.473301
2022-10-31,37.168205
2022-11-01,37.572002
2022-11-02,37.069496
2022-11-03,36.925922
2022-11-04,38.397575
2022-11-07,38.487305
2022-11-08,38.882145
2022-11-09,38.262970
2022-11-10,40.210224
2022-11-11,41.017834
2022-11-14,40.658897
2022-11-15,41.080647
2022-11-16,40.820415
2022-11-17,40.838364
2022-11-18,40.784523
2022-11-21,40.479424
2022-11-22,40.919117
2022-11-23,41.313961
2022-11-25,41.412670
2022-11-28,40.972961
2022-11-29,41.269089
2022-11-30,42.139519
2022-12-01,42.381805
2022-12-02,42.372833
2022-12-05,41.789551
2022-12-06,41.619057
2022-12-07,41.547264
2022-12-08,41.852364
2022-12-09,41.780582
2022-12-12,41.888256
2022-12-13,42.306255
2022-12-14,42.297211
2022-12-15,41.274837
2022-12-16,41.030556
2022-12-19,40.958176
2022-12-20,41.075794
2022-12-21,41.510078
2022-12-22,41.130077
2022-12-23,41.247696
2022-12-27,41.510078
2022-12-28,41.003414
2022-12-29,41.627693
2022-12-30,41.166264
2023-01-03,41.437691
2023-01-04,42.251968
2023-01-05,41.890064
2023-01-06,42.876247
2023-01-09,43.084343
2023-01-10,43.283386
2023-01-11,43.572910
2023-01-12,44.079575
2023-01-13,44.369095
2023-01-17,44.378139
2023-01-18,44.170048
2023-01-19,44.233376
2023-01-20,44.685757
2023-01-23,44.920994
2023-01-24,44.893848
2023-01-25,45.074799
2023-01-26,45.264797
2023-01-27,45.147182
2023-01-30,44.649570
2023-01-31,44.839565
2023-02-01,45.246704
2023-02-02,45.129086
2023-02-03,44.595284
2023-02-06,44.106716
2023-02-07,44.450523
2023-02-08,44.224335
2023-02-09,44.323856
2023-02-10,44.115761
2023-02-13,44.513851
2023-02-14,44.540997
2023-02-15,44.314808
2023-02-16,44.124802
2023-02-17,44.052429
2023-02-21,43.536716
2023-02-22,43.283386
2023-02-23,43.500534
2023-02-24,42.731491
2023-02-27,43.165771
2023-02-28,42.812916
2023-03-01,43.256248
2023-03-02,43.382912
2023-03-03,43.916714
2023-03-06,43.817196
2023-03-07,43.075294
2023-03-08,43.247196
2023-03-09,42.722443
2023-03-10,42.333401
2023-03-13,42.161491
2023-03-14,42.577682
2023-03-15,41.428642
2023-03-16,42.061974
2023-03-17,41.654831
2023-03-20,42.143402
2023-03-21,42.677204
2023-03-22,42.622925
2023-03-23,42.758629
2023-03-24,42.659115
2023-03-27,42.885296
2023-03-28,43.084343
2023-03-29,43.482437
2023-03-30,43.980049
2023-03-31,44.124802
2023-04-03,44.441471
2023-04-04,44.432430
2023-04-05,44.124802
2023-04-06,44.305763
2023-04-10,44.341946
2023-04-11,44.513851
2023-04-12,44.613377
2023-04-13,45.228611
2023-04-14,45.029564
2023-04-17,45.038612
2023-04-18,45.192421
2023-04-19,44.957180
2023-04-20,44.939087
2023-04-21,44.930038
2023-04-24,44.984329
2023-04-25,44.296707
2023-04-26,44.323856
2023-04-27,44.884808
2023-04-28,44.948132
2023-05-01,44.866711
2023-05-02,44.414326
2023-05-03,44.450523
2023-05-04,44.486710
2023-05-05,45.174320
2023-05-08,45.210514
2023-05-09,44.984329
2023-05-10,44.939087
2023-05-11,44.767189
2023-05-12,44.559090
2023-05-15,45.047657
2023-05-16,44.622421
2023-05-17,44.812420
2023-05-18,44.712898
2023-05-19,44.866711
2023-05-22,44.975277
2023-05-23,44.332909
2023-05-24,43.753864
2023-05-25,43.663383
2023-05-26,44.197189
2023-05-30,43.726723
2023-05-31,43.265293
2023-06-01,43.980049
2023-06-02,44.631474
2023-06-05,44.423378
2023-06-06,44.812420
2023-06-07,44.488735
2023-06-08,44.893345
2023-06-09,44.911736
2023-06-12,45.058872
2023-06-13,45.509457
2023-06-14,45.684170
2023-06-15,46.162346
2023-06-16,46.042801
2023-06-20,45.334740
2023-06-21,45.362324
2023-06-22,45.114040
2023-06-23,44.433559
2023-06-26,44.553104
2023-06-27,44.948521
2023-06-28,44.902534
2023-06-29,44.810581
2023-06-30,45.261173
2023-07-03,45.445084
2023-07-05,44.985298
2023-07-06,44.166885
2023-07-07,44.571491
2023-07-10,44.654259
2023-07-11,45.068058
2023-07-12,45.950848
2023-07-13,46.658916
2023-07-14,46.355457
2023-07-17,46.364651
2023-07-18,46.474998
2023-07-19,46.511787
2023-07-20,46.281891
2023-07-21,46.300282
2023-07-24,46.429024
2023-07-25,46.594543
2023-07-26,46.723286
2023-07-27,46.465809
2023-07-28,47.026741
2023-07-31,47.035942
2023-08-01,46.456612
2023-08-02,45.509457
2023-08-03,45.472672
2023-08-04,45.546234
2023-08-07,45.785324
2023-08-08,45.426693
2023-08-09,45.463467
2023-08-10,45.619808
2023-08-11,45.215191
2023-08-14,45.012890
2023-08-15,44.433559
2023-08-16,44.065727
2023-08-17,43.900208
2023-08-18,43.789860
2023-08-21,43.946186
2023-08-22,43.854229
2023-08-23,44.369190
2023-08-24,43.900208
2023-08-25,44.120907
2023-08-28,44.580688
2023-08-29,45.169212
2023-08-30,45.123234
2023-08-31,44.801388
2023-09-01,44.994492
2023-09-05,44.626663
2023-09-06,44.442760
2023-09-07,44.194473
2023-09-08,44.157688
2023-09-11,44.626663
2023-09-12,44.479534
2023-09-13,44.387581
2023-09-14,44.902534
2023-09-15,44.801388
2023-09-18,44.681843
2023-09-19,44.599079
2023-09-20,44.488735
2023-09-21,43.688709
2023-09-22,43.845036
2023-09-25,43.688709
2023-09-26,43.090988
2023-09-27,43.035816
2023-09-28,43.311684
2023-09-29,43.228924
2023-10-02,42.686375
2023-10-03,42.134636
2023-10-04,42.116245
2023-10-05,42.456482
2023-10-06,42.962250
2023-10-09,42.897877
2023-10-10,43.504799
2023-10-11,43.707096
2023-10-12,43.293297
2023-10-13,43.008224
2023-10-16,43.302490
2023-10-17,43.293297
2023-10-18,42.566833
2023-10-19,42.244984
2023-10-20,41.821983
2023-10-23,41.803593
2023-10-24,42.125446
2023-10-25,41.739223
2023-10-26,41.463352
2023-10-27,41.362198
2023-10-30,41.877159
2023-10-31,41.877159
2023-11-01,42.290966
2023-11-02,43.164547
2023-11-03,43.771469
2023-11-06,43.771469
2023-11-07,43.495598
2023-11-08,43.394444
2023-11-09,43.256508
2023-11-10,43.523190
2023-11-13,43.605949
2023-11-14,44.709431
2023-11-15,44.755402
2023-11-16,44.599079
2023-11-17,45.022076
2023-11-20,45.307148
2023-11-21,45.095650
2023-11-22,45.141621
2023-11-24,45.408302
2023-11-27,45.242779
2023-11-28,45.362324
2023-11-29,45.343933
2023-11-30,45.343933
2023-12-01,45.748543
2023-12-04,45.353127
2023-12-05,45.178413
2023-12-06,45.233585
2023-12-07,45.435886
2023-12-08,45.500263
2023-12-11,45.628998
2023-12-12,45.674976
2023-12-13,46.318672
2023-12-14,46.741684
2023-12-15,46.318672
2023-12-18,46.438217
2023-12-19,46.898003
2023-12-20,46.276875
2023-12-21,47.060280
2023-12-22,47.050953
2023-12-26,47.321419
2023-12-27,47.545250
2023-12-28,47.545250
2023-12-29,47.601204
2024-01-02,47.022976
2024-01-03,46.715206
2024-01-04,46.771164
2024-01-05,46.827122
2024-01-08,47.134892
2024-01-09,46.668579
2024-01-10,46.836452
2024-01-11,46.883083
2024-01-12,47.032303
2024-01-16,46.220917
2024-01-17,45.661339
2024-01-18,46.062370
2024-01-19,46.304855
2024-01-22,46.295525
2024-01-23,46.323505
2024-01-24,46.705883
2024-01-25,46.799145
2024-01-26,46.967018
2024-01-29,47.181522
2024-01-30,47.050953
2024-01-31,46.780491
2024-02-01,47.237476
2024-02-02,46.911057
2024-02-05,46.687229
2024-02-06,47.209503
2024-02-07,47.237476
2024-02-08,47.078930
2024-02-09,47.274784
2024-02-12,47.461311
2024-02-13,46.612621
2024-02-14,47.200172
2024-02-15,47.694469
2024-02-16,47.778400
2024-02-20,47.918301
2024-02-21,47.964928
2024-02-22,48.459217
2024-02-23,48.524502
2024-02-26,48.384609
2024-02-27,48.477871
2024-02-28,48.095493
2024-02-29,48.198082
2024-03-01,48.739002
2024-03-04,48.617771
2024-03-05,48.431240
2024-03-06,49.028118
2024-03-07,49.559719
2024-03-08,49.419827
2024-03-11,49.261276
2024-03-12,49.699608
2024-03-13,49.652985
2024-03-14,49.345215
2024-03-15,49.242622
2024-03-18,49.261276
2024-03-19,49.242622
2024-03-20,49.783550
2024-03-21,49.792873
2024-03-22,49.569046
2024-03-25,49.531738
2024-03-26,49.550388
2024-03-27,49.820850
2024-03-28,49.792873
2024-04-01,49.923439
2024-04-02,49.485104
2024-04-03,49.690281
2024-04-04,49.373188
2024-04-05,49.522408
2024-04-08,49.755566
2024-04-09,49.867485
2024-04-10,49.195992
2024-04-11,49.345215
2024-04-12,48.468544
2024-04-15,48.235390
2024-04-16,47.750423
2024-04-17,47.750423
2024-04-18,47.741093
2024-04-19,47.713120
2024-04-22,48.254040
2024-04-23,48.739002
2024-04-24,48.655067
2024-04-25,48.608437
2024-04-26,48.990818
2024-04-29,49.261276
2024-04-30,48.580463
2024-05-01,48.524502
2024-05-02,49.354538
2024-05-03,49.802200
2024-05-06,50.100639
2024-05-07,50.063332
2024-05-08,50.016705
2024-05-09,50.315144
2024-05-10,50.389751
2024-05-13,50.520313
2024-05-14,50.809433
2024-05-15,51.331703
2024-05-16,51.201138
2024-05-17,51.396988
2024-05-20,51.378338
2024-05-21,51.219784
2024-05-22,50.846741
2024-05-23,50.548302
2024-05-24,50.874718
2024-05-28,50.837414
2024-05-29,50.035355
2024-05-30,50.305817
2024-05-31,50.501671
2024-06-03,50.762806
2024-06-04,50.473690
2024-06-05,50.958656
2024-06-06,51.163834
2024-06-07,50.594925
2024-06-10,50.669540
2024-06-11,50.181259
2024-06-12,50.749031
2024-06-13,50.209648
2024-06-14,49.897377
2024-06-17,50.067707
2024-06-18,50.342129
2024-06-20,50.342129
2024-06-21,50.048779
2024-06-24,50.379982
2024-06-25,50.427288
2024-06-26,50.133945
2024-06-27,50.228577
2024-06-28,50.275887
2024-07-01,50.351585
2024-07-02,50.502991
2024-07-03,51.118080
2024-07-05,51.401962
2024-07-08,51.231628
2024-07-09,51.165390
2024-07-10,51.761551
2024-07-11,51.960270
2024-07-12,52.433407
2024-07-15,51.969727
2024-07-16,52.225224
2024-07-17,51.761551
2024-07-18,51.260014
2024-07-19,50.909901
2024-07-22,51.383034
2024-07-23,51.051838
2024-07-24,50.408367
2024-07-25,50.133945
2024-07-26,50.739567
2024-07-29,50.502991
2024-07-30,50.540844
2024-07-31,51.364113
2024-08-01,50.133945
2024-08-02,49.357994
2024-08-05,48.250847
2024-08-06,48.440098
2024-08-07,48.686138
2024-08-08,49.604027
2024-08-09,49.802746
2024-08-12,49.850063
2024-08-13,50.569233
2024-08-14,50.644936
2024-08-15,51.269482
2024-08-16,51.629070
2024-08-19,52.196838
2024-08-20,51.950809
2024-08-21,52.338783
2024-08-22,51.941341
2024-08-23,52.859238
2024-08-26,52.613197
2024-08-27,52.792999
2024-08-28,52.509113
2024-08-29,52.679440
2024-08-30,52.755146
2024-09-03,51.865635
2024-09-04,51.733162
2024-09-05,51.752083
2024-09-06,50.834194
2024-09-09,51.326263
2024-09-10,51.118080
2024-09-11,51.420887
2024-09-12,51.894028
2024-09-13,52.045429
2024-09-16,52.405022
2024-09-17,52.225224
2024-09-18,52.092743
2024-09-19,53.124195
2024-09-20,52.736217
2024-09-23,53.010643
2024-09-24,53.814976
2024-09-25,53.417542
2024-09-26,54.704483
2024-09-27,54.467911
2024-09-30,54.146183
2024-10-01,54.042084
2024-10-02,54.117783
2024-10-03,53.568947
2024-10-04,53.985310
2024-10-07,53.919071
2024-10-08,53.408073
2024-10-09,53.351303
2024-10-10,53.360760
2024-10-11,53.663567
2024-10-14,53.691963
2024-10-15,52.755146
2024-10-16,53.010643
2024-10-17,52.972790
2024-10-18,53.370224
2024-10-21,52.878159
2024-10-22,52.641594
2024-10-23,52.206299
2024-10-24,52.348244
2024-10-25,52.215763
2024-10-28,52.565891
2024-10-29,52.376629
2024-10-30,52.017044
2024-10-31,51.629070
2024-11-01,51.752083
2024-11-04,51.884567
2024-11-05,52.452332
2024-11-06,51.799404
2024-11-07,52.698364
2024-11-08,51.837250
2024-11-11,51.752083
2024-11-12,50.909901
2024-11-13,50.607086
2024-11-14,50.569233
2024-11-15,50.484070
2024-11-18,50.862579
2024-11-19,50.843655
2024-11-20,50.730103
2024-11-21,50.815269
2024-11-22,50.919361
2024-11-25,51.061302
2024-11-26,50.805801
2024-11-27,51.032909
2024-11-29,51.487122
2024-12-02,51.657459
2024-12-03,51.865635
2024-12-04,51.941341
2024-12-05,52.225224
2024-12-06,52.130600
2024-12-09,52.405022
2024-12-10,51.875103
2024-12-11,52.140060
2024-12-12,51.733162
2024-12-13,51.629070
2024-12-16,51.477665
2024-12-17,51.273220
2024-12-18,50.006268
2024-12-19,50.025463
2024-12-20,50.006268
2024-12-23,50.303814
2024-12-24,50.486176
2024-12-26,50.591751
2024-12-27,50.476578
2024-12-30,50.111851
2024-12-31,50.063858
2025-01-02,49.958279
2025-01-03,50.227032
2025-01-06,50.601357
2025-01-07,50.428585
2025-01-08,50.390194
2025-01-10,49.526363
2025-01-13,49.324799
2025-01-14,49.622341
2025-01-15,50.207832
2025-01-16,50.351799
2025-01-17,50.620548
2025-01-21,51.436390
2025-01-22,51.369205
2025-01-23,51.685940
2025-01-24,51.945095
2025-01-27,51.666748
2025-01-28,51.743530
2025-01-29,51.714741
2025-01-30,52.386608
2025-01-31,51.810719
2025-02-03,51.302013
2025-02-04,52.012280
2025-02-05,52.329021
2025-02-06,52.540180
2025-02-07,52.223434
2025-02-10,52.655357
2025-02-11,52.770531
2025-02-12,52.952896
2025-02-13,53.538380
2025-02-14,53.663158
2025-02-18,54.066284
2025-02-19,53.663158
2025-02-20,53.979897
2025-02-21,53.643959
2025-02-24,53.375214
2025-02-25,53.711147
2025-02-26,53.903111
2025-02-27,53.154457
2025-02-28,53.096867
2025-03-03,53.221645
2025-03-04,53.336819
2025-03-05,54.632568
2025-03-06,54.171856
2025-03-07,54.603775
2025-03-10,53.327225
2025-03-11,53.336819
2025-03-12,53.682354
2025-03-13,53.317627
2025-03-14,54.296635
2025-03-17,55.045288
2025-03-18,54.949306
2025-03-19,55.122074
2025-03-20,54.690159
2025-03-21,54.373421
2025-03-24,54.507790
2025-03-25,54.699757
2025-03-26,54.104671
2025-03-27,54.229450
2025-03-28,53.576775
2025-03-31,53.221645
2025-04-01,53.404007
2025-04-02,53.528782
2025-04-03,52.444195
2025-04-04,49.161636
2025-04-07,47.894684
2025-04-08,47.491554
2025-04-09,50.860508
2025-04-10,50.054260
2025-04-11,51.359604
2025-04-14,51.916298
2025-04-15,52.223434
2025-04-16,51.954689
2025-04-17,52.453793
2025-04-21,52.233032
2025-04-22,53.221645
2025-04-23,53.499989
2025-04-24,54.171856
2025-04-25,54.267841
2025-04-28,54.555786
2025-04-29,54.632568
2025-04-30,54.661366
2025-05-01,54.546185
2025-05-02,55.697960
2025-05-05,55.880325
2025-05-06,55.765144
2025-05-07,55.458008
2025-05-08,55.304440
2025-05-09,55.573185
2025-05-12,56.149071
2025-05-13,56.216263
2025-05-14,56.168270
2025-05-15,56.561798
2025-05-16,56.638580
2025-05-19,57.051300
2025-05-20,57.233665
2025-05-21,56.964912
2025-05-22,56.878529
2025-05-23,57.060898
2025-05-27,57.559998
2025-05-28,57.060898
2025-05-29,57.262455
2025-05-30,57.089691
2025-06-02,57.713570
2025-06-03,57.464020
2025-06-04,57.838345
2025-06-05,57.905533
2025-06-06,58.107094
2025-06-09,58.212673
2025-06-10,58.414234
2025-06-11,58.443027
2025-06-12,58.759766
2025-06-13,58.001514
2025-06-16,58.397713
2025-06-17,57.638416
2025-06-18,57.696823
2025-06-20,57.249035
2025-06-23,57.706554
2025-06-24,58.592400
2025-06-25,58.397713
2025-06-26,58.981785
2025-06-27,59.205681
2025-06-30,59.322495
2025-07-01,59.312759
2025-07-02,59.468513
2025-07-03,59.624268
2025-07-07,58.952579
2025-07-08,59.283558
2025-07-09,59.556126
2025-07-10,59.614532
2025-07-11,59.166740
2025-07-14,59.234882
2025-07-15,58.903904
2025-07-16,59.205681
2025-07-17,59.390633
2025-07-18,59.244621
2025-07-21,59.585327
2025-07-22,59.809223
2025-07-23,60.957905
2025-07-24,60.539314
2025-07-25,60.441971
2025-07-28,59.682678
2025-07-29,59.614532
2025-07-30,59.205681
2025-07-31,58.660542
2025-08-01,58.417179
2025-08-04,59.157009
2025-08-05,59.273823
2025-08-06,59.663204
2025-08-07,60.130466
2025-08-08,60.315422
2025-08-11,60.091526
2025-08-12,60.831356
2025-08-13,61.269409
2025-08-14,60.977371
2025-08-15,61.279144
2025-08-18,61.327816
2025-08-19,61.152596
2025-08-20,61.230476
2025-08-21,61.016312
2025-08-22,61.989769
2025-08-25,61.357021
2025-08-26,61.298615
2025-08-27,61.133125
2025-08-28,61.366756
2025-08-29,61.074722
2025-09-02,60.675606
2025-09-03,60.792419
2025-09-04,61.064983
2025-09-05,61.434898
2025-09-08,62.018970
2025-09-09,61.950832
2025-09-10,62.067646
2025-09-11,62.788006
2025-09-12,62.593315
2025-09-15,63.089771
2025-09-16,63.109249
2025-09-17,63.060570
2025-09-18,63.128712
2025-09-19,62.953491
2025-09-22,63.187126
2025-09-23,63.138447
2025-09-24,62.807468
2025-09-25,62.398621
2025-09-26,62.680923
2025-09-29,63.041103
2025-09-30,63.284470
2025-10-01,63.800404
2025-10-02,63.975620
2025-10-03,64.413681
2025-10-06,64.608368
2025-10-07,64.102173
2025-10-08,64.403946
2025-10-09,63.829601
2025-10-10,62.281807
2025-10-13,63.245529
2025-10-14,63.313671
2025-10-15,63.819866
2025-10-16,64.111900
2025-10-17,64.141106
2025-10-20,64.783592
2025-10-21,64.209251
2025-10-22,64.170311
2025-10-23,64.530495
2025-10-24,64.773857
2025-10-27,65.270317
2025-10-28,65.309258
2025-10-29,65.104828
2025-10-30,64.725182
2025-10-31,64.588898
2025-11-03,64.734917
2025-11-04,63.858803
2025-11-05,64.316330
2025-11-06,64.063225
2025-11-07,64.170311
2025-11-10,65.026962
2025-11-11,65.348190
2025-11-12,65.659698
2025-11-13,64.880943
2025-11-14,64.793327
2025-11-17,63.995087
2025-11-18,63.411015
2025-11-19,63.235794
2025-11-20,62.369415
2025-11-21,62.992432
2025-11-24,63.264996
2025-11-25,63.839340
2025-11-26,64.491554
2025-11-28,64.725182
2025-12-01,64.481819
2025-12-02,64.588898
2025-12-03,64.841995
2025-12-04,65.046425
2025-12-05,65.192444
2025-12-08,64.978287
2025-12-09,64.910141
2025-12-10,65.640236
2025-12-11,65.844658
2025-12-12,65.377403
2025-12-15,65.572098
2025-12-16,65.185448
2025-12-17,64.661354
2025-12-18,65.244781
2025-12-19,65.739212
2025-12-22,65.996307
2025-12-23,66.441299
2025-12-24,66.500626
2025-12-26,66.737953
2025-12-29,66.530289
2025-12-30,66.678619
2025-12-31,66.381958
2026-01-02,67.370819
2026-01-05,68.112465
2026-01-06,68.369568
2026-01-07,67.983910
2026-01-08,67.983910
2026-01-09,68.478340
2026-01-12,69.041992
2026-01-13,68.685997
2026-01-14,68.982658
2026-01-15,69.150764
2026-01-16,69.111206
2026-01-20,68.260788
2026-01-21,68.962875
2026-01-22,69.368317
2026-01-23,69.783630
2026-01-26,70.040733
2026-01-27,71.168030
2026-01-28,70.910927
2026-01-29,71.128479
2026-01-30,69.991287
2026-02-02,70.426392
2026-02-03,70.545052
2026-02-04,70.406609
2026-02-05,69.615524
2026-02-06,71.247147
2026-02-09,72.137108
2026-02-10,72.344772
2026-02-11,72.938087
2026-02-12,72.186554
2026-02-13,72.433769
2026-02-17,72.285439
2026-02-18,72.532654
2026-02-19,72.404106
2026-02-20,73.294075
2026-02-23,72.829315
2026-02-24,73.264404
2026-02-25,74.006050
2026-02-26,73.798386
2026-02-27,73.620392
2026-03-02,72.364548
2026-03-03,69.842964
2026-03-04,70.624161
2026-03-05,69.101318
2026-03-06,68.527786
2026-03-09,69.308975
2026-03-10,69.506752
2026-03-11,69.437531
2026-03-12,68.043243
2026-03-13,67.440041
2026-03-16,68.854103
2026-03-17,69.140877
2026-03-18,67.825691
2026-03-19,67.697144
2026-03-20,65.630432
2026-03-23,67.271935
2026-03-24,66.747841
2026-03-25,67.746590
2026-03-26,66.065529
2026-03-27,65.590881
2026-03-30,65.551323
2026-03-31,67.707031
2026-04-01,68.616783
2026-04-02,68.161911
2026-04-06,68.527786
2026-04-07,68.557449
2026-04-08,71.454803
2026-04-09,71.306473
2026-04-10,71.484467
2026-04-13,71.969002
2026-04-14,72.799652
2026-04-15,72.671089
2026-04-16,72.641426
2026-04-17,73.640175
2026-04-20,73.363297
2026-04-21,71.949234
2026-04-22,72.542542
2026-04-23,71.751457
2026-04-24,72.493095
2026-04-27,72.374443
2026-04-28,71.850349
2026-04-29,71.276810
2026-04-30,72.809532
2026-05-01,72.829315
2026-05-04,72.097565
2026-05-05,73.135857
2026-05-06,75.143234
2026-05-07,73.946716
2026-05-08,74.945465
2026-05-11,74.846581
2026-05-12,73.857727
2026-05-13,74.609253
2026-05-14,74.569702
2026-05-15,72.868866
2026-05-18,73.284187
2026-05-19,72.680984
2026-05-20,73.996162
2026-05-21,74.460930
2026-05-22,74.253265
2026-05-26,75.726662
2026-05-27,75.489334
2026-05-28,75.598106
2026-05-29,75.647552
2026-06-01,76.082657
2026-06-02,76.685860
2026-06-03,75.874992
2026-06-04,76.043098
2026-06-05,73.096298
2026-06-08,73.818169
2026-06-09,73.897278
2026-06-10,72.809532
2026-06-11,75.291565
2026-06-12,75.608002
2026-06-15,76.790001
2026-06-16,76.419998
2026-06-17,76.029999
2026-06-18,77.099998
2026-06-22,77.379997
2026-06-23,74.930000
2026-06-24,74.870003
2026-06-25,75.559998
2026-06-26,75.010002
2026-06-29,75.489998
2026-06-30,76.110001
2026-07-01,74.989998
2026-07-02,75.230003
2026-07-06,76.430000
2026-07-07,75.139999
2026-07-08,74.919998
2026-07-09,75.470001
2026-07-10,75.739998
2026-07-13,74.349998
2026-07-14,75.150002
2026-07-15,75.430000
2026-07-16,74.580002
2026-07-17,74.010002
2026-07-20,73.739998
2026-07-21,75.080002
2026-07-22,75.059998
2026-07-23,74.309998
2026-07-24,74.099998
2026-07-27,74.430000
2026-07-28,73.940002
2026-07-29,73.169998
2026-07-30,75.379997
2026-07-31,75.250000
2026-08-03,75.660004
2026-08-04,76.860001
2026-08-05,76.919998
2026-08-06,76.639999
2026-08-07,77.410004
2026-08-10,77.040001
2026-08-11,77.139999
2026-08-12,77.750000
2026-08-13,77.910004
2026-08-14,77.870003
2026-08-17,78.099998
2026-08-18,76.769997
2026-08-19,77.260002
2026-08-20,77.300003
2026-08-21,77.940002
2026-08-24,77.449997
2026-08-25,78.220001
2026-08-26,77.900002
2026-08-27,77.959999
2026-08-28,77.610001
2026-08-31,77.400002
2026-09-01,76.839996
2026-09-02,77.320000
2026-09-03,78.089996
2026-09-04,78.500000
2026-09-08,78.239998
2026-09-09,77.599998
2026-09-10,76.629997
2026-09-11,77.250000
2026-09-14,76.269997
2026-09-15,75.930000
2026-09-16,75.739998
2026-09-17,76.730003
2026-09-18,76.279999
2026-09-21,77.470001
2026-09-22,77.839996
2026-09-23,76.550003
2026-09-24,76.190002
2026-09-25,76.870003
2026-09-28,76.269997
2026-09-29,76.180000
2026-09-30,75.620003
2026-10-01,75.160004
2026-10-02,76.010002
