id,name,start,end,months,cagr,vol,sharpe,sortino,max_dd,max_dd_peak,max_dd_trough,max_dd_recovery,ulcer,best_year,worst_year,pct_pos_months,underwater_months,underwater_start,underwater_end,underwater_ongoing,calmar,upi,roll5_min,roll5_median,roll10_min,roll10_median
acwi,Actions mondiales (référence),2008-07,2026-09,219,0.08645686644427131,0.1645664169106599,0.5111871524105038,0.7477684020748756,-0.475110871663295,2008-06,2009-02,2011-02,0.10864245223251433,0.32361766399071734,-0.18385452383743028,0.6255707762557078,31,2008-07,2011-02,False,0.18197198085911656,0.6781368749178148,0.0210753020783776,0.09975087599190169,0.05818430867252555,0.09282902960647443
spy,S&P 500 (référence),2008-07,2026-09,219,0.12297968037067308,0.15544920451944352,0.7455712562251385,1.1332106089719565,-0.4179559604007935,2008-08,2009-02,2010-12,0.08939518933489612,0.3230779891847657,-0.18175384299603214,0.6712328767123288,27,2008-09,2010-12,False,0.2942407622390246,1.2326979537337435,0.06650534019435739,0.1419446630763258,0.1006380689546833,0.13405585098567385
6040,60/40 classique,2008-07,2026-09,219,0.08819767935074796,0.09896297503506495,0.7768588921858608,1.1801081303041143,-0.24394107770975737,2008-08,2009-02,2009-11,0.05502505839673683,0.22113771719238784,-0.16124893316769862,0.6666666666666666,25,2022-01,2024-02,False,0.36155320858132023,1.3705622155471309,0.05642014424358477,0.09142144090446103,0.07128644133536732,0.0942041352576315
permanent,Permanent Portfolio,2008-07,2026-09,219,0.0680785863270108,0.07794355617236153,0.7250650769224922,1.1867956856007444,-0.16986552789174647,2021-12,2022-09,2024-05,0.04137440912708032,0.22633301842929376,-0.13525630170332736,0.6164383561643836,28,2022-01,2024-05,False,0.4007792939035669,1.3364824801065827,0.02804737368719179,0.05759079522713684,0.03316692458495352,0.061748970664312064
golden_butterfly,Golden Butterfly,2008-07,2026-09,219,0.0742546573885643,0.08579095670229035,0.7323381226845316,1.1284587289082533,-0.1784741818920832,2021-12,2022-09,2024-05,0.042302462592112657,0.20585528858837243,-0.1377804728249734,0.6529680365296804,28,2022-01,2024-05,False,0.4160526559155955,1.4531599395851673,0.03488579552149562,0.0641141035927365,0.04399885666744252,0.07103351874395603
all_weather,All Weather (version Robbins),2008-07,2026-09,219,0.06385937809689968,0.08601322492705049,0.615091076429401,0.9308762118322285,-0.21089831234916045,2021-12,2022-09,2025-06,0.057661292516195076,0.18443253198783416,-0.18839870258502311,0.634703196347032,41,2022-01,2025-06,False,0.3027970085942411,0.8858102630746241,0.02118643416881727,0.058427101158263106,0.040715479468863336,0.0626844552784096
three_fund,Portefeuille 3 fonds (Bogleheads),2008-07,2026-09,219,0.0755718416413762,0.10150777030307806,0.6445273456511121,0.9553877506394015,-0.254820127274602,2008-06,2009-02,2009-11,0.05815544951603742,0.20226304527998606,-0.16006936050150034,0.6757990867579908,25,2022-01,2024-02,False,0.2965693583534619,1.079682622350891,0.03572793716885969,0.07630186696171393,0.05461975901750726,0.08058392999330799
ivy,Ivy Portfolio (buy & hold),2008-07,2026-09,219,0.05368188639457849,0.12655949377664527,0.37822724042146527,0.5100709309439716,-0.44380162200151974,2008-06,2009-02,2011-04,0.10323784300001979,0.23214990087879528,-0.09989009660005654,0.639269406392694,36,2014-07,2017-07,False,0.1209591937777881,0.3961674498629789,-0.0003011048065247879,0.06133689143038801,0.029210400261686642,0.05604638309872767
swensen,Portefeuille Swensen (Yale),2008-07,2026-09,219,0.07346196725096354,0.12165123350596828,0.5407083511153397,0.7740742003309891,-0.34601737872911054,2008-08,2009-02,2010-03,0.07548485100336642,0.22510363168235292,-0.1841615766717406,0.6529680365296804,30,2022-01,2024-07,False,0.21230716075817485,0.8038639944371266,0.03087933564709222,0.07391317917389617,0.051671363312595364,0.0772817346067457
coffeehouse,Coffeehouse Portfolio,2008-07,2026-09,219,0.0687037440440188,0.10479465677424395,0.5656189584283834,0.8164738048264165,-0.2692705949199581,2008-08,2009-02,2010-03,0.06115616062438282,0.1932486758784593,-0.160200729774565,0.684931506849315,30,2022-01,2024-07,False,0.25514759257111347,0.9144022461380126,0.024973298168204927,0.06790051612417458,0.0431911395409581,0.0684008714588038
larry,Larry Portfolio,2008-07,2026-09,219,0.04553738987872746,0.07001143787160935,0.4877016207521659,0.7051758244109252,-0.2080930477242694,2021-08,2023-10,2025-11,0.058349332178082296,0.13092757842742175,-0.15968958735810268,0.680365296803653,50,2021-09,2025-11,False,0.21883186572896038,0.5613599205360763,-0.00023359011230328353,0.04291203904117902,0.016411752554258863,0.03623698707234935
gem,Global Equities Momentum (GEM),2008-07,2026-09,219,0.08067127936978302,0.12548611731771037,0.5809324993681506,0.8737907962506872,-0.2158555524872341,2021-12,2023-10,2024-06,0.07446933471769193,0.28728680559862796,-0.17050313362543468,0.6438356164383562,29,2022-01,2024-06,False,0.37372807157487414,0.9116351881380292,0.004360982167634697,0.08165577212497122,0.046700987265542615,0.06740561476638185
adm,Accelerating Dual Momentum,2008-07,2026-09,219,0.12383328174230557,0.1503589170346344,0.767822731550174,1.315414061110172,-0.34931684355103376,2021-12,2022-10,2025-08,0.09949386320792773,0.28146068939916025,-0.31054095344799626,0.634703196347032,43,2022-01,2025-08,False,0.3545013188698816,1.1161579695254098,0.032012965116087866,0.09780507765386803,0.06367364239494666,0.10442519156125707
adm_tip,Accelerating Dual Momentum (variante TLT/TIP),2008-07,2026-09,219,0.13140222444081906,0.14430594568867186,0.8401523131623901,1.4715305329824129,-0.2575536856923263,2021-12,2022-09,2025-05,0.07577260823813071,0.28146068939916025,-0.24173543282922438,0.6484018264840182,40,2022-01,2025-05,False,0.5101935314480112,1.5654708712695529,0.04718996229763439,0.10104273299314759,0.07426406397112917,0.10793905005286375
adm_cash,Accelerating Dual Momentum (variante cash),2008-07,2026-09,219,0.10259429060242486,0.12390678713021945,0.7482038517525658,1.2784946587039532,-0.18181882081046663,2021-12,2022-12,2024-06,0.0651376468155831,0.42976273849466495,-0.18181882081046663,0.6255707762557078,29,2022-01,2024-06,False,0.5642666152222614,1.3788013781460833,0.019142435020593318,0.09195891090774577,0.0615913469109326,0.08666640891199628
gtaa5,GTAA 5 / Ivy Portfolio avec timing,2008-07,2026-09,219,0.04455904249586662,0.06807801698565445,0.4877524805500788,0.7143897891390173,-0.11072628132363038,2011-04,2012-05,2014-04,0.03962729937798129,0.21572534377622854,-0.044266767198610224,0.6301369863013698,35,2011-05,2014-04,False,0.4024251691938394,0.8018873249186664,0.0039638838608986315,0.04218106341153105,0.017402596301417717,0.04010721638900916
spy_sma10,S&P 500 avec timing (moyenne 10 mois),2008-07,2026-09,219,0.08469588920044302,0.10949868428530152,0.6822649177122777,1.0472049554751164,-0.22872124883080047,2021-12,2023-02,2024-07,0.08170888012466619,0.3230779891847657,-0.2078693160355961,0.6438356164383562,32,2010-05,2013-01,False,0.3703017958908484,0.8801182403530187,0.0210754531370263,0.09650734671920513,0.054738158033618145,0.08250409390355684
vaa,Vigilant Asset Allocation (VAA-G4),2008-07,2026-09,219,0.059766328796793555,0.10410019960896383,0.4858352889743977,0.8144368976573093,-0.20925286872529913,2021-07,2023-02,2026-01,0.09217548563062318,0.28390705599994814,-0.12726095795965242,0.5616438356164384,53,2021-08,2026-01,False,0.2856177273022383,0.5097224611451157,-0.01537150811364707,0.047534296177064284,0.023968006294369237,0.052298293454965616
daa,Defensive Asset Allocation (DAA-G12),2008-07,2026-09,219,0.07860963176336555,0.08327511673809668,0.7930057516208348,1.3866627336892994,-0.19530458011962193,2021-08,2023-02,2025-09,0.06283192072329408,0.25730571459572715,-0.12027384233016669,0.634703196347032,48,2021-09,2025-09,False,0.40249763582204784,1.047671591154382,0.02122999879865506,0.05922751438988505,0.04116112226332591,0.06617243213865198
rotationshield,RotationShield (DAA sur le S&P 500),2008-07,2026-09,219,0.11458218957379107,0.09772976921243633,1.0254218038576195,1.860343183639244,-0.12629876472612944,2011-04,2011-09,2012-03,0.03118559841802381,0.4179816765393105,-0.0670008025083858,0.6666666666666666,27,2021-09,2023-12,False,0.9072312767449072,3.264320113576834,0.06175098030973847,0.11350266391238273,0.09523246038422051,0.11298648683611812
paa,Protective Asset Allocation (PAA2),2008-07,2026-09,219,0.06858812416598803,0.07944958071199486,0.7152759872959326,1.2150952925847334,-0.20552537329043674,2021-12,2023-10,2025-09,0.05790958689884827,0.15547545129802431,-0.16477370150237158,0.6164383561643836,44,2022-01,2025-09,False,0.33372095653154804,0.963669640046972,0.02198544616155007,0.056383266438327806,0.038761014174182096,0.062449145435401254
haa,Hybrid Asset Allocation (HAA),2008-07,2026-09,219,0.09888006222715284,0.09159078773578673,0.9338251722239423,1.7253262288802589,-0.09210037068448595,2011-04,2011-11,2012-12,0.030262310475918246,0.2458690812505988,-0.04016390982136209,0.634703196347032,19,2011-05,2012-12,False,1.073611989748581,2.84504545321351,0.025965009113130044,0.10068898829528627,0.06560477017854205,0.08954311231764334
baa,Bold Asset Allocation (BAA-G12),2008-07,2026-09,219,0.0722162084808986,0.07847318252454305,0.7601064717283407,1.3459432026568725,-0.11134922125126812,2022-05,2023-02,2025-10,0.04343334692757685,0.15880846506562318,-0.021589603625475795,0.6210045662100456,40,2022-06,2025-10,False,0.6485560264309093,1.3683908628109114,0.01952311569860332,0.06407607826460482,0.05132390422343902,0.07182739209449274
gpm,Generalized Protective Momentum (GPM),2008-07,2026-09,219,0.061846568483102216,0.07759423214576917,0.6481439047840374,1.0783921618498862,-0.11661937208266626,2026-02,2026-06,,0.04248311003749923,0.22053192297053248,-0.05704503378765091,0.6073059360730594,47,2021-09,2025-08,False,0.5303284298192066,1.1549096814213442,0.007695930366824921,0.052508305333355154,0.038093051864392935,0.05533277942980219
buffett,90/10 de Warren Buffett,2008-07,2026-09,219,0.11375378007416326,0.13918291555621456,0.7554181483452937,1.1519580688996298,-0.37458234753466946,2008-08,2009-02,2010-12,0.07841719009462368,0.2909543228625304,-0.16749521048828597,0.6712328767123288,27,2008-09,2010-12,False,0.3036816358881802,1.2876177601928616,0.06301327438676174,0.12906188271573538,0.0937965852609084,0.12225008083010014
sector_rot,Rotation sectorielle (Faber),2008-07,2026-09,219,0.10112554163930731,0.15592222484985643,0.6155354690517048,0.933037683449639,-0.3908452213251631,2008-06,2009-02,2010-12,0.08419141766111247,0.27348326030793446,-0.05074903955330501,0.6164383561643836,29,2008-07,2010-12,False,0.25873552015409207,1.0493127528865265,0.03365885707210414,0.12714559078626508,0.08277069114104285,0.1167670505333781
sector_rot_trend,Rotation sectorielle avec filtre de tendance,2008-07,2026-09,219,0.07663078018885705,0.11904468923170793,0.5728135765582111,0.9197747956113501,-0.2096872300283854,2014-12,2016-08,2017-12,0.08240988472584303,0.27348326030793446,-0.1085201624846962,0.5799086757990868,35,2015-01,2017-12,False,0.3654527754431375,0.7747658790854817,-0.009695439539129547,0.07750406151364242,0.036659191568296334,0.06703384319771843
cdm,Composite Dual Momentum,2008-07,2026-09,219,0.052744323651997105,0.0836786114570937,0.5047235988644654,0.7603997171625678,-0.1431850350023275,2021-12,2023-10,2024-08,0.05099116300388855,0.2071344721068502,-0.10252779954576208,0.5981735159817352,31,2022-01,2024-08,False,0.36836477814276986,0.7837026632446797,0.002339196067950633,0.03942414172478781,0.01991663608985017,0.04189970690107314
paired_switching,Paired Switching,2008-07,2026-09,219,0.07995732263576838,0.15243909777319348,0.4957240793165634,0.7716732214380224,-0.2835055377017115,2021-12,2022-09,2024-08,0.10716821461757993,0.39053030413035894,-0.23075725250658308,0.593607305936073,33,2015-02,2017-11,False,0.2820309024083154,0.6268174707544573,-0.015477547620415977,0.07121046706908629,0.024943998901131303,0.06341823179595962
