id,name,start,end,months,cagr,vol,sharpe,sortino,max_dd,max_dd_peak,max_dd_trough,max_dd_recovery,ulcer,best_year,worst_year,pct_pos_months,underwater_months,underwater_start,underwater_end,underwater_ongoing,calmar,roll5_min,roll5_median,roll10_min,roll10_median
acwi,Actions mondiales (référence),2008-04,2026-09,222,0.08535861153884539,0.16556850356263758,0.502885783623501,0.734832436831794,-0.5170353410109326,2008-05,2009-02,2013-01,0.12610893354489,0.32361754355622563,-0.18385443667355428,0.6261261261261262,55,2008-06,2013-01,False,0.1650924120040771,0.009525265139517236,0.09952434016811629,0.050027908591726344,0.09252891621416581
spy,S&P 500 (référence),1993-02,2026-09,404,0.10812324720417399,0.14725890426793337,0.6090190196039611,0.9076922576431027,-0.5078486975379719,2007-10,2009-02,2012-03,0.1397996819288729,0.38048914853067295,-0.3679510873119951,0.650990099009901,74,2000-09,2006-11,False,0.21290444915651202,-0.06670023009952986,0.11439469770249944,-0.034492180835783204,0.08803708404061461
6040,60/40 classique,2003-10,2026-09,276,0.08232440870128555,0.09190729748266005,0.7275189989815017,1.101751227512647,-0.30381513084038647,2007-10,2009-02,2010-12,0.06163110444855774,0.22113881059149976,-0.18917602762925068,0.6702898550724637,37,2007-11,2010-12,False,0.27096875811802745,-0.01791646802705693,0.08395220782152801,0.062106811410041374,0.0829455991370629
permanent,Permanent Portfolio,2004-12,2026-09,262,0.07213698633201071,0.07367629867976001,0.76009755147586,1.258712469191535,-0.16986606634477697,2021-12,2022-09,2024-05,0.03881094606712128,0.2263329808418022,-0.1352571816167718,0.6221374045801527,28,2022-01,2024-05,False,0.42466978769964775,0.028047487166716234,0.06734961336549183,0.03316701879627626,0.06457517067061724
golden_butterfly,Golden Butterfly,2004-12,2026-09,262,0.07510684443334403,0.08094822622108501,0.7307485861068254,1.133929646680031,-0.17847458006290573,2021-12,2022-09,2024-05,0.04058898897125198,0.20585527952751592,-0.13778115822490922,0.6641221374045801,28,2022-01,2024-05,False,0.42082656480755765,0.03488560842459165,0.07164061417754453,0.04399884549125943,0.06972738330849593
all_weather,All Weather (version Robbins),2006-03,2026-09,247,0.06598642489822693,0.08204756020741674,0.6264187352934785,0.9518145924454856,-0.2108979318172547,2021-12,2022-09,2025-06,0.054344119449142574,0.18443319041892536,-0.1883987840307656,0.6477732793522267,41,2022-01,2025-06,False,0.31288322426701115,0.021186502903758342,0.06514618612718792,0.04071573905825687,0.06808832019849675
three_fund,Portefeuille 3 fonds (Bogleheads),2003-10,2026-09,276,0.07622766667956205,0.09457180502770635,0.65042544195892,0.9636042980376524,-0.31943537940275546,2007-10,2009-02,2010-12,0.06551584910351578,0.2022618214894425,-0.1976063196955058,0.677536231884058,37,2007-11,2010-12,False,0.2386325109700873,-0.008971688015113721,0.06871676394033144,0.053831346989201334,0.07032380338304
ivy,Ivy Portfolio (buy & hold),2006-08,2026-09,242,0.05684780288916724,0.12231122687349255,0.3901805348118135,0.5293560300750808,-0.45811422852245387,2008-05,2009-02,2012-09,0.10453634890014095,0.2321500689003193,-0.2853622840175677,0.640495867768595,51,2008-06,2012-09,False,0.12409089120090694,-0.00030118793092326346,0.051093361708512974,0.024482465473345316,0.05142168695323024
swensen,Portefeuille Swensen (Yale),2004-10,2026-09,264,0.07692618716322275,0.11528486952272994,0.5566716888501851,0.7976613093033859,-0.4040973548095177,2007-10,2009-02,2010-12,0.0835401579646272,0.22510399940427162,-0.24401560353874252,0.6666666666666666,37,2007-11,2010-12,False,0.19036548061415548,0.025946083367140105,0.06649689342001985,0.05167139963925038,0.0720842731553597
coffeehouse,Coffeehouse Portfolio,2004-10,2026-09,264,0.06854887650528663,0.09890828048189503,0.5505324915617739,0.7932582082664483,-0.3075008636297889,2007-10,2009-02,2010-04,0.06353115059540479,0.1932486852662374,-0.1602008238177991,0.6856060606060606,30,2022-01,2024-07,False,0.2229225495373406,0.024972970578510445,0.05915210957881567,0.0431912246284647,0.06808233974209799
larry,Larry Portfolio,2008-01,2026-09,225,0.043704032429334294,0.06932171560715872,0.46334040388369846,0.6688314244369828,-0.2080927423886244,2021-08,2023-10,2025-11,0.0579478560611901,0.1309283518876836,-0.15968946123385697,0.6755555555555556,50,2021-09,2025-11,False,0.21002189662008808,-0.00023404776718627396,0.04465534204990074,0.016411954622713498,0.03832038295672491
gem,Global Equities Momentum (GEM),2004-10,2026-09,264,0.09071913084871763,0.12245179657255272,0.635620797686452,0.9668259933591022,-0.215854775555836,2021-12,2023-10,2024-06,0.07738047002219126,0.2872868560536834,-0.17050152559406406,0.6363636363636364,37,2007-11,2010-12,False,0.42027854429030675,0.00436164352699131,0.0791031375120188,0.046701653202828375,0.06734275286027458
adm,Accelerating Dual Momentum,2008-07,2026-09,219,0.12383400680736911,0.1503589615296741,0.7678243884098662,1.3154156544792763,-0.3493168197076788,2021-12,2022-10,2025-08,0.09949367079998343,0.2814606262794357,-0.31054157162938567,0.634703196347032,43,2022-01,2025-08,False,0.354503418733166,0.03201318621992333,0.09780606768114652,0.0636745081363066,0.10442581295918507
adm_tip,Accelerating Dual Momentum (variante TLT/TIP),2008-07,2026-09,219,0.13140302652029057,0.14430592541964557,0.8401544869119029,1.471533277179691,-0.25755435179658814,2021-12,2022-09,2025-05,0.0757725889806836,0.2814606262794357,-0.24173611312522691,0.6484018264840182,40,2022-01,2025-05,False,0.5101953261658353,0.04719166309184697,0.10104319313231014,0.07426483921219384,0.1079397401650275
adm_cash,Accelerating Dual Momentum (variante cash),2008-07,2026-09,219,0.10259549266390966,0.12390677158243775,0.7482091731866879,1.2785051008983053,-0.18181636764930298,2021-12,2022-12,2024-06,0.06513672788418738,0.4297639965438982,-0.18181636764930265,0.6255707762557078,29,2022-01,2024-06,False,0.5642808400055669,0.01914409319765542,0.09196087691983446,0.061592535946859206,0.0866676726563359
gtaa5,GTAA 5 / Ivy Portfolio avec timing,2007-06,2026-09,232,0.04737474165540201,0.06733520708269491,0.5155030371068433,0.7612641168185538,-0.11072573695456367,2011-04,2012-05,2014-04,0.03858502469646367,0.21572461483347216,-0.04426504472449089,0.6336206896551724,35,2011-05,2014-04,False,0.4278566389207438,0.003964398426638871,0.039914852781730126,0.0174029160159761,0.03937366138692555
spy_sma10,S&P 500 avec timing (moyenne 10 mois),1993-12,2026-09,394,0.0974826621958167,0.10740129964331746,0.6992636477770483,1.0844526549805895,-0.22871970929324337,2021-12,2023-02,2024-07,0.06597034934023074,0.37781794148867176,-0.20786773487581955,0.6903553299492385,32,2000-09,2003-05,False,0.4262101525795199,0.018180871594892123,0.08790963713588318,0.05473880380547058,0.08434449971303293
vaa,Vigilant Asset Allocation (VAA-G4),2004-10,2026-09,264,0.09666530528265005,0.11661882828332701,0.7078852577715856,1.3054315818360474,-0.2092552624833417,2021-07,2023-02,2026-01,0.08488139481625959,0.3337214852529977,-0.12726359015179056,0.6060606060606061,53,2021-08,2026-01,False,0.4619492199884117,-0.015371922527693038,0.055858392932938594,0.023968098398306825,0.06536992568905542
daa,Defensive Asset Allocation (DAA-G12),2008-05,2026-09,221,0.0778323315468481,0.08347287518074722,0.7817481576749411,1.361170789121181,-0.19530661520787929,2021-08,2023-02,2025-09,0.06296148186423649,0.2573047901407808,-0.12027672198771644,0.6334841628959276,48,2021-09,2025-09,False,0.3985135447870283,0.021229441456132703,0.059539815301712484,0.04116073821080923,0.06624988170444035
rotationshield,RotationShield (DAA sur le S&P 500),2006-04,2026-09,246,0.10436728031384312,0.09801192999935118,0.8964045102100735,1.5332252315310892,-0.24107086990758186,2007-10,2009-02,2009-08,0.0535089145179413,0.41798251326415103,-0.16646398193278522,0.6626016260162602,27,2021-09,2023-12,False,0.432931943846446,0.06175161373534177,0.11186422129173423,0.09376329620356172,0.11135913937906294
paa,Protective Asset Allocation (PAA2),2008-06,2026-09,220,0.06855013168974833,0.07926837159767802,0.7153880386483834,1.215291434279388,-0.20552548871240894,2021-12,2023-10,2025-09,0.05777797934416571,0.15547568122777977,-0.16477442567727396,0.6181818181818182,44,2022-01,2025-09,False,0.3335359138139322,0.021985426305324962,0.05661240062712203,0.03876120438167918,0.06262801269890006
haa,Hybrid Asset Allocation (HAA),2008-06,2026-09,220,0.09715306586983319,0.09163217848880056,0.9153026318705396,1.6861928730675477,-0.09440807129287265,2008-05,2008-10,2008-12,0.030932081286529585,0.24586875790326324,-0.04016345922989739,0.6318181818181818,19,2011-05,2012-12,False,1.0290758463695866,0.025965204873096726,0.10113968248666994,0.0656053154894014,0.08949500394040011
baa,Bold Asset Allocation (BAA-G12),2008-07,2026-09,219,0.07221664189266841,0.07847323919998887,0.7601051458215711,1.3459342552108797,-0.1113481783093776,2022-05,2023-02,2025-10,0.04343264142193293,0.1588094063993628,-0.021589444527943313,0.6210045662100456,40,2022-06,2025-10,False,0.6485659935272279,0.019524197060855286,0.06407674622875015,0.05132466853375983,0.07182764870438663
gpm,Generalized Protective Momentum (GPM),2008-05,2026-09,221,0.061369913900573,0.07737135767113416,0.6432201939057346,1.0696230148030879,-0.11661937208266637,2026-02,2026-06,,0.04229857777144758,0.22053174233764028,-0.05704787581630366,0.6063348416289592,47,2021-09,2025-08,False,0.5262411622064862,0.007695198263119485,0.05333433452494152,0.038093045938025316,0.05600469741378589
buffett,90/10 de Warren Buffett,2002-08,2026-09,290,0.1040731393922183,0.13135018665177475,0.697182746427007,1.0575295057765164,-0.45907267591837997,2007-10,2009-02,2012-02,0.09717689446825023,0.2909543598111419,-0.32453602083448496,0.6689655172413793,51,2007-11,2012-02,False,0.2267029706876342,-0.053630618987597245,0.11116725320882304,0.06133288931467362,0.11078231759269874
sector_rot,Rotation sectorielle (Faber),1999-04,2026-09,330,0.0759090751517939,0.1501360185072101,0.43306282597553564,0.6416449246679696,-0.45497351598166447,2007-10,2009-02,2011-04,0.1512077950250799,0.27348492356607657,-0.3497462640139357,0.593939393939394,79,2000-04,2006-11,False,0.16684284356202628,-0.04029139101454615,0.0911388814107148,-0.01468664643693407,0.09889285878108334
sector_rot_trend,Rotation sectorielle avec filtre de tendance,1999-04,2026-09,330,0.07660766080261605,0.11226426901574034,0.5405868773091042,0.877275518081247,-0.20968643181141755,2014-12,2016-08,2017-12,0.0756678674003454,0.27348492356607657,-0.10851930713659264,0.6272727272727273,42,2000-04,2003-10,False,0.36534390966943203,-0.009695501811373353,0.0854454512054208,0.036659425205805896,0.07934476168267923
cdm,Composite Dual Momentum,2008-06,2026-09,220,0.05324315229457466,0.08351059811820921,0.5104663362547144,0.7691979381084568,-0.1431837087583525,2021-12,2023-10,2024-08,0.050874719890029244,0.2071347609157499,-0.10252710373569696,0.6,31,2022-01,2024-08,False,0.3718520267164735,0.002339268515396453,0.03951452180270709,0.019916863158679687,0.041998280602866256
paired_switching,Paired Switching,2002-11,2026-09,287,0.07965868241224738,0.1401867564908611,0.4994995506709247,0.7783383723081007,-0.283506238559339,2021-12,2022-09,2024-08,0.09608761606725116,0.39052743636959186,-0.2307587177002185,0.6027874564459931,33,2015-02,2017-11,False,0.28097682370955834,-0.015477085307252003,0.07950822866711649,0.024943955551003816,0.1132993674569337
